Compliance Status,Data Year,Evanston Building ID,Property Name,Address 1,Postal Code,Primary Property Type - Self Selected,Property GFA - Self-Reported (ft²),Property Type,Year Built,Number of Buildings,ENERGY STAR Score,ENERGY STAR Certification - Year(s) Certified,Site Energy Use (kBtu),Source Energy Use (kBtu),Site EUI (kBtu/ft²),Source EUI (kBtu/ft²),Weather Normalized Site Energy Use (kBtu),Weather Normalized Source Energy Use (kBtu),Weather Normalized Site EUI (kBtu/ft²),Weather Normalized Source EUI (kBtu/ft²),Electricity Use - Grid Purchase and Generated from Onsite Renewable Systems (kWh),Electricity Use - Grid Purchase (kWh),Natural Gas Use (therms),District Steam Use (kBtu),Weather Normalized Site Electricity (kWh),Weather Normalized Site Natural Gas Use (therms),Green Power - Onsite (kWh),Green Power - Offsite (kWh),Electricity Use – Generated from Onsite Renewable Systems and Used Onsite (kWh),Water Score (Multifamily Only),Water Use (All Water Sources) (kgal),Water Use Intensity (All Water Sources) (gal/ft²),Total GHG Emissions (Kg CO2e),GHG Intensity (kg CO2e/sq ft),GHG Emissions Notes,ObjectId
Compliant,2019,104193,DEWEY ELEMENTARY SCHOOL,1551 WESLEY,60201,K-12 School,65170,Type 2,1940,1,51,Not Available,4727160,7300120,72.5,112,4603349,7170119,70.6,110,391325,391325,33920,Not Available,391325,"32,682",Not Available,0,Not Available,Not Available,573,8.8,395726,6.1,,1
Compliant,2019,104195,St. Mary's Malankara Catholic Church,1208 Ashland Ave,60202,Worship Facility,22068,Type 3,1912,1,29,Not Available,1139266,1237644,51.6,56.1,1081819,1177325,49,53.3,6936,6936,11156,Not Available,6936,"10,582",Not Available,0,Not Available,Not Available,112,5.08,63075,2.9,,2
Compliant,2019,104275,Evanston-Main,126 Main St,60202,Multifamily Housing,20000,Type 3,1935,1,Not Available,Not Available,462486,665725,23.1,33.3,,,,,30165,30165,3596,Not Available,29074,Not Available,Not Available,0,Not Available,Not Available,1092,54.61,35715,1.8,,3
Compliant,2019,104359,Bleeker Hall,803-809 Noyes,60201,Multifamily Housing,50813,Type 2,1920,1,67,Not Available,4961748,5845252,97.6,115,4854451,5724208,95.5,112.7,106417,106417,45987,Not Available,105013,"44,962",Not Available,0,Not Available,65,2398,47.19,302876,6,,4
Compliant,2019,104527,AG Custer LLC,800 Custer Ave,60202,Multifamily Housing,22961,Type 3,1960,1,86,Not Available,1294108,1823978,56.4,79.4,1279412,1792877,55.7,78.1,77904,77904,10283,Not Available,75280,"10,226",Not Available,0,Not Available,66,517,22.53,97531,4.2,,5
Compliant,2019,105023,Garden Ridge Lofts,1834 Ridge Avenue,60201,Multifamily Housing,55974,Type 2,1999,1,96,Not Available,3431112,4601300,61.3,82.2,,,,,167247,167247,28605,Not Available,162635,Not Available,Not Available,0,Not Available,72,1382,24.68,244061,4.4,,6
Compliant,2019,105088,Autobarn Place,222 Hartrey Ave,60202,"Repair Services (Vehicle, Shoe, Locksmith, etc.)",101200,Type 1,1961,1,Not Available,Not Available,5773124,9505238,57,93.9,5600839,9324339,55.3,92.1,576697,576697,38054,Not Available,576697,"36,332",Not Available,0,Not Available,Not Available,776,7.67,519800,5.1,,7
Compliant,2019,105106,Fountain Court Condominium Association,830 Hinman Ave,60201,Multifamily Housing,63416,Type 2,1922,1,21,Not Available,6199381,8924624,97.8,140.7,6081993,8714865,95.9,137.4,404501,404501,48192,Not Available,390014,"47,513",Not Available,0,Not Available,96,1138,17.94,478792,7.6,,8
Compliant,2019,105189,203 Kedzie,203 Kedzie,60202,Multifamily Housing,62096,Type 2,1923,1,41,Not Available,5960923,6800408,96,109.5,5846561,6661889,94.2,107.3,90678,90678,56515,Not Available,87590,"55,477",Not Available,0,Not Available,89,1070,17.23,350129,5.6,,9
Compliant,2019,105337,HAVEN MIDDLE SCHOOL,2417 PRAIRIE AVENUE,60201,K-12 School,142114,Type 1,1926,1,90,Not Available,7169923,10960532,50.5,77.1,6922211,10700434,48.7,75.3,574797,574797,52087,Not Available,574797,"49,610",Not Available,0,Not Available,Not Available,646,4.54,593288,4.2,,10
Compliant,2019,105438,WILLARD ELEMENTARY SCHOOL,2300 HURD AVENUE,60202,K-12 School,62635,Type 2,1922,1,57,Not Available,4472472,6427810,71.4,102.6,4314390,6261824,68.9,100,290021,290021,34829,Not Available,290021,"33,248",Not Available,0,Not Available,Not Available,406,6.48,344753,5.5,,11
Compliant,2019,105606,2530 Crawford,2530 Crawford Ave,60201,Office,20600,Type 3,1972,1,58,Not Available,1713179,2833631,83.2,137.6,1658244,2764562,80.5,134.2,173303,173303,11219,Not Available,171396,"10,734",Not Available,0,Not Available,Not Available,244,11.84,155052,7.5,,12
Compliant,2019,105689,1406 - 1408 ELMWOOD APARTMENTS,1406 Elmwood Ave,60201,Multifamily Housing,20664,Type 3,1930,1,80,Not Available,1708850,2062480,82.7,99.8,1697826,2050905,82.2,99.3,44915,44915,15556,Not Available,44915,"15,446",Not Available,0,Not Available,78,691,33.45,107367,5.2,,13
Compliant,2019,105769,Custer Hinman,744 Hinman Ave,60201,Multifamily Housing,31464,Type 3,1920,1,Not Available,Not Available,1668352,2087161,53,66.3,,,,,56170,56170,14767,Not Available,54065,Not Available,Not Available,0,Not Available,Not Available,606,19.26,109376,3.5,,14
Compliant,2019,105853,LINCOLNWOOD ELEMENTARY SCHOOL,2600 COLFAX,60201,K-12 School,61039,Type 2,1949,1,85,Not Available,3216973,4817883,52.7,78.9,3096450,4689068,50.7,76.8,241176,241176,23941,Not Available,240796,"22,749",Not Available,0,Not Available,Not Available,344,5.64,260013,4.3,,15
Compliant,2019,105938,822 Forest,822 Forest Ave,60202,Multifamily Housing,20268,Type 3,1920,1,Not Available,Not Available,2133457,2561221,105.3,126.4,2125761,2551871,104.9,125.9,53775,53775,19500,Not Available,53563,"19,430",Not Available,0,Not Available,Not Available,585,28.87,133194,6.6,,16
Compliant,2019,106250,Central Station,1720 Central St,60201,Multifamily Housing,120841,Type 1,2013,1,80,Not Available,5298303,10266712,43.8,85,5188813,10023827,42.9,83,787723,787723,26106,Not Available,766299,"25,742",Not Available,0,Not Available,79,2249,18.61,572581,4.7,,17
Compliant,2019,106267,Lotus Point Properties,2620 Central Street,60201,Multifamily Housing,28388,Type 3,1964,1,Not Available,Not Available,1770034,2369934,62.4,83.5,1745491,2319967,61.5,81.7,85647,85647,14778,Not Available,81595,"14,671",Not Available,0,Not Available,Not Available,695,24.49,125672,4.4,,18
Compliant,2019,106269,WAREHOUSE,2017 Greenleaf St,60202,Non-Refrigerated Warehouse,44000,Type 3,2001,1,23,Not Available,4009919,5397123,91.1,122.7,3897845,5261290,88.6,119.6,198745,198745,33318,Not Available,195705,"32,301",Not Available,0,Not Available,Not Available,127,2.9,286447,6.5,,19
Compliant,2019,106353,716-720 Clark Apartments,716-720 Clark,60201,Multifamily Housing,28920,Type 3,1920,1,Not Available,Not Available,3139731,4354570,108.6,150.6,3139731,4354570,108.6,150.6,177165,177165,25352,Not Available,177165,"25,352",Not Available,0,Not Available,Not Available,1248,43.17,232250,8,,20
Compliant,2019,106435,Kass Management Services (1633 Hinman Ave),1633-41 Hinman Ave,60201,Multifamily Housing,43600,Type 3,1909,1,Not Available,Not Available,3778268,4743597,86.7,108.8,3702217,4625823,84.9,106.1,130031,130031,33346,Not Available,123680,"32,802",Not Available,0,Not Available,Not Available,991,22.73,248744,5.7,,21
Compliant,2019,106516,Whole Foods EVN,1640 Chicago Avenue,60201,Supermarket/Grocery Store,32014,Type 3,1997,1,29,Not Available,17688374,32535664,552.5,1016.3,17596170,32277492,549.6,1008.2,2338448,2338448,97096,Not Available,2311424,"97,096",Not Available,0,Not Available,Not Available,6994,218.47,1803866,56.3,,22
Compliant,2019,106518,Hinman Court Apartments,718-24 Hinman Avenue,60202,Multifamily Housing,43632,Type 3,1920,1,78,Not Available,3053130,3684756,70,84.5,3036061,3654976,69.6,83.8,80216,80216,27794,Not Available,78230,"27,691",Not Available,0,Not Available,63,1145,26.25,191816,4.4,,23
Compliant,2019,106519,818 Forest,818-20 Forest Ave,60202,Multifamily Housing,21416,Type 3,1920,1,Not Available,Not Available,2236376,2667214,104.4,124.5,2222677,2642152,103.8,123.4,53428,53428,20541,Not Available,51640,"20,465",Not Available,0,Not Available,Not Available,541,25.28,138533,6.5,,24
Compliant,2019,106599,829 Foster,829 Foster Street,60201,Multifamily Housing,32604,Type 3,1930,1,75,Not Available,2264613,3115579,69.5,95.6,,,,,123553,123553,18431,Not Available,123553,Not Available,Not Available,0,Not Available,Not Available,1076,32.99,165952,5.1,,25
Compliant,2019,106602,Autobarn Motors LTD (1012 Chicago Ave),1012 Chicago Ave,60202,Automobile Dealership,27364,Type 3,1940,1,Not Available,Not Available,2368480,4399039,86.6,160.8,2308713,4336284,84.4,158.5,320237,320237,12758,Not Available,320237,"12,161",Not Available,0,Not Available,Not Available,380,13.89,244169,8.9,,26
Compliant,2019,106766,605 Hinman,605-617 Hinman,60202,Multifamily Housing,56572,Type 2,1931,1,39,Not Available,5314932,6351636,93.9,112.3,5200850,6206617,91.9,109.7,129117,129117,48744,Not Available,124891,"47,747",Not Available,0,Not Available,65,1497,26.46,330025,5.8,,27
Compliant,2019,106831,CHUTE MIDDLE SCHOOL,1400 OAKTON STREET,60202,K-12 School,112898,Type 1,1966,1,68,Not Available,8065990,12603443,71.4,111.6,7808338,12327263,69.2,109.2,692372,692372,57036,Not Available,691426,"54,492",Not Available,0,Not Available,Not Available,802,7.11,684341,6.1,,28
Compliant,2019,106848,2215-2219 Maple,2215-2219 Maple,60201,Multifamily Housing,49520,Type 3,1926,1,82,Not Available,2940337,3662067,59.4,74,2883189,3590756,58.2,72.5,96251,96251,26119,Not Available,94357,"25,612",Not Available,0,Not Available,69,786,15.88,191751,3.9,,29
Compliant,2019,106932,Sherman Hinman LLC,632 Hinman Avenue,60202,Multifamily Housing,52227,Type 2,1920,1,100,Not Available,1703863,2938510,32.6,56.3,1674327,2855808,32.1,54.7,192506,192506,10470,Not Available,183849,"10,470",Not Available,0,Not Available,74,1777,34.02,161656,3.1,,30
Compliant,2019,107080,Evanston IL HGI,1818 Maple Avenue,60201,Hotel,108233,Type 1,1980,1,37,Not Available,10126024,21973633,93.6,203,9936657,21451673,91.8,198.2,1899398,1899398,36453,Not Available,1845282,"36,406",Not Available,0,Not Available,Not Available,4754,43.92,1239910,11.5,,31
Compliant,2019,107097,Autobarn Motors LTD (1001 Chicago Ave),1001 Chicago Ave,60202,Automobile Dealership,38000,Type 3,1970,1,Not Available,Not Available,1862058,2666307,49,70.2,1778803,2550630,46.8,67.1,119100,119100,14557,Not Available,114367,"13,886",Not Available,0,Not Available,Not Available,19,0.51,142925,3.8,,32
Compliant,2019,107264,DAWES ELEMENTARY SCHOOL,440 DODGE,60202,K-12 School,57700,Type 2,1954,1,54,Not Available,4480011,6441663,77.6,111.6,4309842,6259641,74.7,108.5,291015,291015,34871,Not Available,290455,"33,188",Not Available,0,Not Available,Not Available,629,10.9,345521,6,,33
Compliant,2019,107412,DR.MARTIN LUTHER KING JR. LITERARY & FINE ARTS SCHOOL,2424 LAKE STREET,60201,K-12 School,100022,Type 1,1956,1,66,Not Available,7343511,11525942,73.4,115.2,7111306,11279382,71.1,112.8,638964,638964,51634,Not Available,638505,"49,327",Not Available,0,Not Available,Not Available,446,4.46,626226,6.3,,34
Compliant,2019,107595,Custer Building LLC,429 Custer Ave,60202,Multifamily Housing,45000,Type 3,1920,1,100,Not Available,1420314,1792381,31.6,39.8,1412823,1771406,31.4,39.4,50419,50419,12483,Not Available,48224,"12,483",Not Available,0,Not Available,9,2605,57.88,94076,2.1,,35
Compliant,2019,107597,808 - 816 Forest Apartments,808 Forest Ave,60202,Multifamily Housing,39388,Type 3,1925,1,88,Not Available,2781716,3416998,70.6,86.8,2760620,3394847,70.1,86.2,83101,83101,24982,Not Available,83101,"24,771",Not Available,0,Not Available,92,902,22.9,178466,4.5,,36
Compliant,2019,107598,Autobarn Motors LTD (1033 Chicago Ave),1033 Chicago Ave,60202,Automobile Dealership,31906,Type 3,1920,1,Not Available,Not Available,2379848,3999949,74.6,125.4,2295998,3877542,72,121.5,251400,251400,15221,Not Available,245645,"14,579",Not Available,0,Not Available,Not Available,303,9.5,219329,6.9,,37
Compliant,2019,107968,2605 PRAIRIE / 1903 - 1911 CENTRAL APARTMENTS,2605 Prairie,60201,Mixed Use Property,29674,Type 3,1906,1,Not Available,Not Available,3262442,4948098,109.9,166.7,3163056,4817725,106.6,162.4,254988,254988,23924,Not Available,250631,"23,079",Not Available,0,Not Available,Not Available,1330,44.82,267534,9,,38
Compliant,2019,108012,609 Sheridan,609-617 Sheridan Rd,60202,Multifamily Housing,42925,Type 3,1920,1,43,Not Available,4035965,4706021,94,109.6,4012614,4665113,93.5,108.7,78422,78422,37684,Not Available,75677,"37,544",Not Available,0,Not Available,31,1658,38.63,243355,5.7,,39
Compliant,2019,108094,Hinman-Kedzie Condominium,801 Hinman Ave,60202,Multifamily Housing,55000,Type 2,1913,1,78,Not Available,4075289,4942443,74.1,89.9,,,,,111102,111102,36962,Not Available,107684,Not Available,Not Available,0,Not Available,96,953,17.33,257523,4.7,,40
Compliant,2019,108176,Custer Sheridan,619 Sheridan Rd,60201,Multifamily Housing,28896,Type 3,1920,1,Not Available,Not Available,2534648,2908794,87.7,100.7,,,,,41436,41436,23933,Not Available,39707,Not Available,Not Available,0,Not Available,Not Available,724,25.06,149942,5.2,,41
Compliant,2019,108260,Chicago + Main Evanston JV LLC,847 Chicago Ave.,60202,Multifamily Housing,165253,Type 1,2016,1,61,Not Available,10042709,20303172,60.8,122.9,9798956,19825831,59.3,120,1634287,1634287,44665,Not Available,1597208,"43,493",Not Available,0,Not Available,44,5267,31.87,1137492,6.9,,42
Compliant,2019,108325,OAKTON ELEMENTARY SCHOOL,436 RIDGE AVENUE,60202,K-12 School,95470,Type 2,1914,1,72,Not Available,5098467,7974206,53.4,83.5,4912908,7745951,51.5,81.1,438924,438924,36009,Not Available,433327,"34,344",Not Available,0,Not Available,Not Available,508,5.32,433041,4.5,,43
Compliant,2019,108408,NICHOLS MIDDLE SCHOOL,800 GREENLEAF,60202,K-12 School,97888,Type 2,1928,1,84,Not Available,5450795,8873642,55.7,90.7,5282033,8696442,54,88.8,527601,527601,36506,Not Available,527601,"34,819",Not Available,0,Not Available,Not Available,586,5.99,484533,4.9,,44
Compliant,2019,108425,503,503 Main St.,60201,Multifamily Housing,39400,Type 3,1900,1,Not Available,Not Available,2202923,3850213,55.9,97.7,2182414,3812895,55.4,96.8,257435,257435,13246,Not Available,254791,"13,131",Not Available,0,Not Available,Not Available,1990,50.5,212162,5.4,,45
Compliant,2019,108510,733 Hinman Building,733-39 Hinman,60202,Multifamily Housing,30775,Type 3,1918,1,86,Not Available,2556604,2786325,83.1,90.5,2554716,2781040,83,90.4,17064,17064,24984,Not Available,16511,"24,984",Not Available,0,Not Available,Not Available,1141,37.07,142100,4.6,,46
Compliant,2019,108594,Oak Manor Apartments,1238-40 Oak Ave.,60202,Multifamily Housing,20000,Type 3,1920,1,Not Available,Not Available,921168,1244341,46.1,62.2,911458,1221580,45.6,61.1,46410,46410,7628,Not Available,44306,"7,603",Not Available,0,Not Available,Not Available,348,17.38,66082,3.3,,47
Compliant,2019,108842,1235 - 1241 ELMWOOD APARTMENTS,1235 Elmwood Court,60202,Multifamily Housing,37652,Type 3,1935,1,88,Not Available,2630862,3215544,69.9,85.4,2591934,3161207,68.8,84,75890,75890,23719,Not Available,73635,"23,407",Not Available,0,Not Available,71,1085,28.81,167788,4.5,,48
Compliant,2019,108924,Andridge,1627-1645 Ridge Ave / 1124-36 Church,60201,Multifamily Housing,55884,Type 2,1923,1,84,Not Available,4244034,5067080,75.9,90.7,4169961,4968689,74.6,88.9,102302,102302,38950,Not Available,98849,"38,327",Not Available,0,Not Available,65,2030,36.32,263233,4.7,,49
Compliant,2019,109007,KINGSLEY ELEMENTARY SCHOOL,2300 GREENBAY ROAD,60201,K-12 School,53427,Type 2,1967,1,74,Not Available,2701759,4893200,50.6,91.6,2630195,4818058,49.2,90.2,344390,344390,15267,Not Available,344390,"14,551",Not Available,0,Not Available,Not Available,606,11.34,270799,5.1,,50
Compliant,2019,109505,2213-2223 Ridge Apartments,2213-2223 Ridge Ave,60201,Multifamily Housing,49576,Type 3,1920,1,96,Not Available,3223723,3932987,65,79.3,3211241,3919881,64.8,79.1,91790,91790,29105,Not Available,91790,"28,981",Not Available,0,Not Available,93,1305,26.33,205155,4.1,,51
Compliant,2019,109589,2527 - 2533 JACKSON APARTMENTS,2533 Jackson Ave,60201,Multifamily Housing,39289,Type 3,1925,1,62,Not Available,3451328,4215405,87.8,107.3,3440689,4204235,87.6,107,99064,99064,31133,Not Available,99064,"31,027",Not Available,0,Not Available,50,1620,41.22,219932,5.6,,52
Compliant,2019,109838,Lake Street Church,607 Lake St,60201,Worship Facility,62495,Type 2,1920,1,39,Not Available,3745515,4600037,59.9,73.6,3680934,4530884,58.9,72.5,111748,111748,33642,Not Available,111523,"33,004",Not Available,0,Not Available,Not Available,683,10.93,240246,3.8,,53
Compliant,2019,100625,New Maple LLC,1134-44 Maple/1000-1002 Crain,60202,Multifamily Housing,38348,Type 3,1935,1,85,Not Available,2169432,3049709,56.6,79.5,,,,,129259,129259,17284,Not Available,125386,Not Available,Not Available,0,Not Available,36,1488,38.79,163006,4.3,,54
Compliant,2019,109919,Harvard Terrace Building,245 Asbury Ave,60202,Multifamily Housing,45000,Type 3,1920,1,61,Not Available,3123460,3638926,69.4,80.9,3042222,3540947,67.6,78.7,60173,60173,29181,Not Available,58050,"28,442",Not Available,0,Not Available,2,1326,29.47,188143,4.2,,55
Compliant,2019,109985,Sherwood Condominium Association,2025 Sherman Ave,60201,Multifamily Housing,72503,Type 2,1966,1,92,Not Available,2547904,7134131,35.1,98.4,2484808,6957464,34.3,96,746748,746748,,Not Available,728256,Not Available,Not Available,0,Not Available,100,824,11.37,411350,5.7,All-electric; no natural gas for emissions calculated,56
Compliant,2019,109987,000510-Evanston,2722 Green Bay Road,60201,Retail Store,25260,Type 3,1998,1,55,Not Available,1754846,3060493,69.5,121.2,1702600,3005635,67.4,119,203970,203970,10589,Not Available,203970,"10,067",Not Available,0,Not Available,Not Available,42,1.66,168601,6.7,,57
Compliant,2019,104110,996-1012 Main Apartments,996-1012 Main St,60202,Multifamily Housing,58209,Type 2,1920,1,78,Not Available,5161810,6291678,88.7,108.1,5112259,6214835,87.8,106.8,146002,146002,46637,Not Available,141846,"46,283",Not Available,0,Not Available,60,2446,42.01,328133,5.6,,58
Compliant,2019,100025,NorthShore Evanston Hospital,2560 Ridge Ave,60201,Hospital (General Medical & Surgical),1116288,Type 1,1913,6,52,Not Available,293966294,481789644,263.3,431.6,293132729,480430297,262.6,430.4,28994310,28994308,1950377,Not Available,28913232,"1,944,808",Not Available,0,Not Available,Not Available,55140,49.4,26330990,23.6,,59
Compliant,2019,100064,8584,647 University Pl,60201,Residence Hall/Dormitory,17252,Type 3,1958,1,98,Not Available,919411,1191572,53.3,69.1,914226,1186129,53,68.8,37882,37882,7902,Not Available,37882,"7,850",Not Available,0,Not Available,Not Available,363,21.03,62836,3.6,,60
Compliant,2019,100080,Water Treatment Plant,531 Lincoln Ave.,60201,Drinking Water Treatment & Distribution,124306,Type 1,1914,1,Not Available,Not Available,53388578,127366908,429.5,1024.6,52438415,125350295,421.8,1008.4,11959701,11943014,125821,Not Available,11772363,"122,145","16,681",0,"16,681",Not Available,,,7247161,58.3,,61
Compliant,2019,100108,8735,2145 Sheridan Rd,60208,Laboratory,975805,Type 1,1940,1,Not Available,Not Available,345852869,638186338,354.4,654,345852869,638186338,354.4,654,46062770,46062769,1886867,Not Available,46062769,"1,886,867",Not Available,0,Not Available,Not Available,9305,9.54,35395906,36.3,,62
Compliant,2019,100125,1740 Hinman Ave,1740 Hinman Ave,60201,Multifamily Housing,36410,Type 3,1978,1,87,Not Available,1806689,4373483,49.6,120.1,1761172,4246036,48.4,116.6,414748,414748,3916,Not Available,401408,"3,916",Not Available,0,Not Available,98,821,22.54,249264,6.8,,63
Compliant,2019,100127,8581,2315 Sheridan Rd,60201,Residence Hall/Dormitory,51066,Type 2,1955,1,61,Not Available,7317405,8720271,143.3,170.8,7268295,8668705,142.3,169.8,173672,173672,67248,Not Available,173672,"66,757",Not Available,0,Not Available,Not Available,1637,32.05,452854,8.9,,64
Compliant,2019,100191,Optima Horizons Condominium,800 Elgin Rd,60201,Multifamily Housing,359252,Type 1,2003,1,79,Not Available,26225400,42319254,73,117.8,25469528,41206473,70.9,114.7,2475730,2475730,177782,Not Available,2422286,"172,047",Not Available,0,Not Available,73,9819,27.33,2308049,6.4,,65
Compliant,2019,100209,8889,1840 Oak Ave,606208,Office,60382,Type 2,1900,1,46,Not Available,3903873,10930845,64.7,181,3852953,10788268,63.8,178.7,1144160,1144160,,Not Available,1129236,Not Available,Not Available,0,Not Available,Not Available,444,7.36,630266,10.4,All-electric; no natural gas for emissions calculated,66
Compliant,2019,100274,The Mather,425 Davis St,60201,Multifamily Housing,317683,Type 1,2009,1,7,Not Available,32441019,62256925,102.1,196,31863075,61537083,100.3,193.7,4721798,4721797,163302,Not Available,4702872,"158,169",Not Available,0,Not Available,23,10607,33.39,3468398,10.9,,67
Compliant,2019,100294,"Hinman V, LLC",508 Keeney St.,60202,Multifamily Housing,25631,Type 3,1916,1,30,Not Available,2815825,3491636,109.9,136.2,2756661,3414754,107.6,133.2,89603,89603,25101,Not Available,87131,"24,594",Not Available,0,Not Available,57,1035,40.37,182681,7.1,,68
Compliant,2019,100348,8708,2021 Sheridan Rd,60208,Laboratory,23738,Type 3,1949,1,Not Available,Not Available,5712649,6649632,240.7,280.1,5712649,6649632,240.7,280.1,109086,109086,53404,Not Available,109086,"53,405",Not Available,0,Not Available,Not Available,301,12.67,343746,14.5,,69
Compliant,2019,100375,Ridge Manor,1603-1611 Ridge,60201,Multifamily Housing,77800,Type 2,1920,1,89,Not Available,6369669,7626352,81.9,98,6264638,7486129,80.5,96.2,157126,157126,58336,Not Available,152112,"57,456",Not Available,0,Not Available,97,1703,21.88,396400,5.1,,70
Compliant,2019,100440,Church Street Self-Park Garage,525 Church St.,60201,Parking,264080,Type 1,1989,1,Not Available,Not Available,1906159,5337246,7.2,20.2,1891173,5295286,7.2,20.1,558663,558663,,Not Available,554271,Not Available,Not Available,0,Not Available,Not Available,,,307742,1.2,All-electric; no natural gas for emissions calculated,71
Compliant,2019,100459,1880 Oak Ave.,1880 Oak Ave.,60201,Office,54350,Type 2,1999,1,42,Not Available,4024935,11269818,74.1,207.4,3933004,11012410,72.4,202.6,1179641,1179641,,Not Available,1152697,Not Available,Not Available,0,Not Available,Not Available,453,8.33,649811,12,All-electric; no natural gas for emissions calculated,72
Compliant,2019,100495,8729,601 University Pl,60208,College/University,43390,Type 3,1941,1,Not Available,Not Available,,,,,,,,,,,,Not Available,,Not Available,Not Available,,Not Available,Not Available,,,0,0,Natural gas and electricity use included in parent property,73
Compliant,2019,100523,Sherman Plaza Self-Park,821 Davis St.,60201,Parking,580000,Type 1,2005,1,Not Available,Not Available,5034394,14096303,8.7,24.3,4915177,13762495,8.5,23.7,1475496,1475496,,Not Available,1440556,Not Available,Not Available,0,Not Available,Not Available,47,0.08,812785,1.4,All-electric; no natural gas for emissions calculated,74
Compliant,2019,100606,Maple Street Parking Garage,1800 Maple Ave,60201,Parking,518742,Type 1,1980,1,Not Available,Not Available,1693649,4742218,3.3,9.1,1676740,4694871,3.2,9.1,496380,496380,,Not Available,491424,Not Available,Not Available,0,Not Available,Not Available,260,0.5,273433,0.5,All-electric; no natural gas for emissions calculated,75
Compliant,2019,100707,Whole Foods GBR,2748 Green Bay Road,60201,Supermarket/Grocery Store,53471,Type 2,2015,1,51,2018,16071786,30619756,300.6,572.6,15848653,30353719,296.4,567.7,2301856,2301856,82179,Not Available,2296539,"80,129",Not Available,0,Not Available,Not Available,4534,84.78,1704476,31.9,,76
Compliant,2019,100709,8821,618 Library Pl,60201,Office,26185,Type 3,1994,1,11,Not Available,4935204,7282580,188.5,278.1,4935204,7282580,188.5,278.1,351803,351803,37349,Not Available,351803,"37,349",Not Available,0,Not Available,Not Available,337,12.86,392167,15,,77
Compliant,2019,100772,8881,2211 Campus Dr,60208,College/University,482952,Type 1,2016,1,Not Available,Not Available,47203384,77371874,97.7,160.2,45042397,75102837,93.3,155.5,4657230,4657229,313129,Not Available,4657229,"291,519",Not Available,0,Not Available,Not Available,1734,3.59,4228628,8.8,,78
Compliant,2019,100791,Noyes Cultural Arts Center,927 Noyes St.,60201,Performing Arts,58800,Type 2,1949,1,Not Available,Not Available,4166286,5532762,70.9,94.1,4097765,5458367,69.7,92.8,193965,193964,35045,Not Available,193555,"34,374",Not Available,0,Not Available,Not Available,270,4.6,292985,5,,79
Compliant,2019,100875,The Stewart,1311 Chicago Ave,60201,Multifamily Housing,24496,Type 3,1905,1,83,Not Available,2056220,2616541,83.9,106.8,2044670,2594548,83.5,105.9,76622,76622,17948,Not Available,74970,"17,889",Not Available,0,Not Available,81,869,35.48,137537,5.6,,80
Compliant,2019,100929,2272,625 University Pl,60208,Residence Hall/Dormitory,22270,Type 3,1926,1,100,Not Available,625006,969255,28.1,43.5,622683,966816,28,43.4,52420,52420,4461,Not Available,52420,"4,438",Not Available,0,Not Available,Not Available,673,30.23,52573,2.4,,81
Compliant,2019,100938,Fire Station #4,1817 Washington St.,60202,Fire Station,4124,Type 3,1985,1,Not Available,Not Available,621068,858519,150.6,208.2,595299,824768,144.4,200,34567,34567,5031,Not Available,33446,"4,812",Not Available,0,Not Available,Not Available,98,23.7,45765,11.1,,82
Compliant,2019,101021,8739,1970 Campus Dr,60208,Library,350947,Type 1,1969,1,Not Available,Not Available,53946899,86847247,153.7,247.5,53946899,86847247,153.7,247.5,5058282,5058282,366880,Not Available,5058282,"366,880",Not Available,0,Not Available,Not Available,141,0.4,4735047,13.5,,83
Compliant,2019,101039,Tower Court Condominium,554 Sheridan Square,60202,Multifamily Housing,79200,Type 2,1925,1,28,Not Available,7591867,9463082,95.9,119.5,7442145,9257621,94,116.9,249811,249811,67395,Not Available,241730,"66,174",Not Available,0,Not Available,72,1777,22.44,495575,6.3,,84
Compliant,2019,101041,901 Washington,901 Washington/828-32 Elmwood,60202,Multifamily Housing,25888,Type 3,1920,1,Not Available,Not Available,2003447,2401279,77.4,92.8,1919771,2301860,74.2,88.9,49851,49851,18334,Not Available,47915,"17,563",Not Available,0,Not Available,Not Available,556,21.47,124838,4.8,,85
Compliant,2019,101104,The Park Evanston - Whole Building,1630 Chicago Ave,60201,Multifamily Housing,314870,Type 1,1997,1,27,Not Available,29260694,50525959,92.9,160.5,28732613,49617717,91.3,157.6,3316401,3316401,179451,Not Available,3257155,"176,192",Not Available,0,Not Available,38,13648,43.34,2780003,8.8,,86
Compliant,2019,101106,2277,711 University Pl,60208,Residence Hall/Dormitory,21885,Type 3,1926,1,100,Not Available,618039,853126,28.2,39,615631,850598,28.1,38.9,34196,34196,5014,Not Available,34196,"4,990",Not Available,0,Not Available,Not Available,,,45467,2.1,,87
Compliant,2019,101187,8719,2001 Sheridan Rd,60208,College/University,342557,Type 1,1972,1,Not Available,Not Available,60250330,88024836,175.9,257,60233380,87977377,175.8,256.8,4147042,4147042,461006,Not Available,4142074,"461,006",Not Available,0,Not Available,Not Available,2546,7.43,4733030,13.8,,88
Compliant,2019,101287,8592,1820 Sheridan Rd,60201,Residence Hall/Dormitory,37472,Type 3,1982,1,63,Not Available,4556088,6095640,121.6,162.7,4508858,6046048,120.3,161.3,219686,219686,38065,Not Available,219686,"37,593",Not Available,0,Not Available,Not Available,251,6.71,323197,8.6,,89
Compliant,2019,101290,Masonic Association of Evanston,1453 maple ave,60201,Other,24884,Type 3,1927,1,Not Available,Not Available,1182682,1366527,47.5,54.9,1125292,1296584,45.2,52.1,20886,20886,11114,Not Available,19264,"10,596",Not Available,0,Not Available,Not Available,34,1.36,70538,2.8,,90
Compliant,2019,101344,2278,1871 Orrington Ave,60208,Residence Hall/Dormitory,21648,Type 3,1926,1,100,Not Available,466887,599982,21.6,27.7,464715,597702,21.5,27.6,18381,18381,4042,Not Available,18381,"4,020",Not Available,0,Not Available,Not Available,,,31592,1.5,,91
Compliant,2019,101372,8837,1870 Campus Dr,60208,College/University,49498,Type 3,2001,1,Not Available,Not Available,12151986,17840723,245.5,360.4,12151986,17840723,245.5,360.4,850969,850969,92485,Not Available,850969,"92,485",Not Available,0,Not Available,Not Available,1336,26.98,959989,19.4,,92
Compliant,2019,101373,8785,1877 Campus Dr,60208,College/University,25812,Type 3,1992,1,Not Available,Not Available,4494058,4880773,174.1,189.1,4456545,4841385,172.7,187.6,27133,27133,44015,Not Available,27133,"43,640",Not Available,0,Not Available,Not Available,,,248729,9.6,,93
Compliant,2019,101436,Evanston Place,1715 Chicago Ave,60201,Multifamily Housing,163218,Type 1,1990,2,96,Not Available,14851462,18185085,91,111.4,14766726,18096112,90.5,110.9,433939,433939,133709,Not Available,433939,"132,861",Not Available,0,Not Available,93,6228,38.16,949224,5.8,,94
Compliant,2019,101454,8589,1835 Hinman Ave,60201,Residence Hall/Dormitory,75051,Type 2,1982,1,36,Not Available,11424966,16723500,152.2,222.8,11424966,16723500,152.2,222.8,791708,791707,87237,Not Available,791707,"87,237",Not Available,0,Not Available,Not Available,1186,15.81,899469,12,,95
Compliant,2019,101519,1603 Orrington,1603 Orrington Avenue,60201,Office,307473,Type 1,1969,1,33,Not Available,59860829,108335193,194.7,352.3,59158276,107597512,192.4,349.9,7617036,7617035,338715,Not Available,7617035,"331,690",Not Available,0,Not Available,Not Available,5806,18.88,5994950,19.5,,96
Compliant,2019,101621,8665,560 Lincoln,606208,Residence Hall/Dormitory,146974,Type 1,2017,1,83,Not Available,13784424,16859399,93.8,114.7,13522595,16584478,92,112.8,399557,399557,124211,Not Available,399557,"121,593",Not Available,0,Not Available,Not Available,4123,28.05,879840,6,,97
Compliant,2019,101704,Sheridan Square Condo (101704),620 - 638 Sheridan Square,60202,Multifamily Housing,51184,Type 2,1923,1,51,Not Available,4456602,5407565,87.1,105.6,4427671,5377188,86.5,105.1,121945,121945,40405,Not Available,121945,"40,116",Not Available,0,Not Available,97,642,12.55,281784,5.5,,98
Compliant,2019,101705,8716,1850 Campus Dr,60208,College/University,24940,Type 3,1925,1,Not Available,Not Available,2351704,2770957,94.3,111.1,2337517,2756061,93.7,110.5,50522,50522,21793,Not Available,50522,"21,651",Not Available,0,Not Available,Not Available,163,6.54,143584,5.8,,99
Compliant,2019,101768,8601,1725 Orrington Ave,60208,Multifamily Housing,173919,Type 1,1947,1,1,Not Available,37329657,45893631,214.6,263.9,37210149,45736440,214,263,1121670,1121670,335025,Not Available,1116360,"334,011",Not Available,0,Not Available,91,4366,25.1,2397347,13.8,,100
Compliant,2019,101788,8731,1920 Campus Dr,60208,College/University,26232,Type 3,1895,1,Not Available,Not Available,3434554,4229065,130.9,161.2,3425257,4219303,130.6,160.8,104301,104301,30787,Not Available,104301,"30,694",Not Available,0,Not Available,Not Available,69,2.64,220977,8.4,,101
Compliant,2019,101807,Dempster-Oak II,1313-21 Oak Street,60202,Multifamily Housing,52080,Type 2,1922,1,15,Not Available,3560054,7170427,68.4,137.7,,,,,574840,574840,15987,Not Available,545689,Not Available,Not Available,0,Not Available,19,2039,39.15,401568,7.7,,102
Compliant,2019,101851,AMLI Evanston,737 Chicago Ave,60202,Multifamily Housing,244366,Type 1,2013,1,99,"2019, 2018, 2017, 2016",11774816,21524355,48.2,88.1,11737870,21485562,48,87.9,1534215,1534215,65401,Not Available,1534215,"65,031",Not Available,0,Not Available,75,5979,24.47,1192503,4.9,,103
Compliant,2019,101870,8607,2324 Campus Dr,60201,Residence Hall/Dormitory,48889,Type 3,1991,1,88,Not Available,3938759,4998597,80.6,102.2,3918208,4977018,80.1,101.8,144515,144515,34457,Not Available,144515,"34,251",Not Available,0,Not Available,Not Available,2837,58.03,262622,5.4,,104
Compliant,2019,102017,Westminster Place,3200 Grant Street,60201,Senior Care Community,692031,Type 1,2002,1,29,Not Available,112602053,176008057,162.7,254.3,111988482,174907829,161.8,252.7,9676085,9676083,795873,Not Available,9599718,"792,342",Not Available,0,Not Available,Not Available,27047,39.08,9557356,13.8,,105
Compliant,2019,102035,8711,1845 Sheridan Rd,60208,College/University,75545,Type 2,1898,1,Not Available,Not Available,6567698,7973365,86.9,105.5,6408730,7806449,84.8,103.3,180419,180419,59521,Not Available,180419,"57,931",Not Available,0,Not Available,Not Available,1456,19.27,415528,5.5,,106
Compliant,2019,102117,"Judson I Evanston, LLC",1249 Judson Ave.,60202,Multifamily Housing,26825,Type 3,1910,1,Not Available,Not Available,2839165,3481738,105.8,129.8,2814453,3455790,104.9,128.8,83841,83841,25531,Not Available,83841,"25,284",Not Available,0,Not Available,Not Available,806,30.03,181791,6.8,,107
Compliant,2019,102200,Chiaravalle Montessori School,425 Dempster Street,60201,K-12 School,58758,Type 2,1898,1,70,Not Available,4129946,6856586,70.3,116.7,4058231,6756019,69.1,115,430913,422310,26597,Not Available,418077,"26,026","8,603",0,"8,603",Not Available,4,0.07,373898,6.4,,108
Compliant,2019,102266,Dempster Plaza,2100 Dempster St,60202,Mixed Use Property,210000,Type 1,1948,1,Not Available,Not Available,22045866,34270335,105,163.2,21422789,33616105,102,160.1,1862699,1862699,156903,Not Available,1862699,"150,673",Not Available,0,Not Available,Not Available,6525,31.07,1859461,8.9,,109
Compliant,2019,102283,8712,1881 Sheridan Rd,60208,College/University,36782,Type 3,1915,1,Not Available,Not Available,6432784,7797159,174.9,212,6432784,7797159,174.9,212,174634,174633,58369,Not Available,174633,"58,369",Not Available,0,Not Available,Not Available,959,26.07,406224,11,,110
Compliant,2019,102284,Fire Station #5,2830 Central St.,60201,Fire Station,16104,Type 3,2008,1,Not Available,Not Available,2148911,3150424,133.4,195.6,2094136,3072215,130,190.8,149735,149735,16380,Not Available,146269,"15,951",Not Available,0,Not Available,Not Available,134,8.32,169485,10.5,,111
Compliant,2019,102367,8572,2400 Sheridan Rd,60201,Residence Hall/Dormitory,71162,Type 2,1959,1,4,Not Available,15198192,28232240,213.6,396.7,15198192,28232240,213.6,396.7,2055625,2055625,81844,Not Available,2055625,"81,844",Not Available,0,Not Available,Not Available,2536,35.63,1567062,22,,112
Compliant,2019,102432,8598,1915 Maple Ave,60201,Multifamily Housing,137471,Type 1,1970,1,3,Not Available,20427883,39308593,148.6,285.9,20105437,38516814,146.3,280.2,2991009,2991009,102226,Not Available,2915107,"101,591",Not Available,0,Not Available,98,3788,27.56,2190578,15.9,,113
Compliant,2019,102515,8784,1847 Campus Dr,60208,Parking,215427,Type 1,1980,1,Not Available,Not Available,0,0,0,0,0,0,0,0,0,0,,Not Available,0,Not Available,Not Available,0,Not Available,Not Available,,,0,0,Electricity use included in parent property; no natural gas for emissions calculated,114
Compliant,2019,102533,8789,2120 Campus Dr,60208,College/University,67775,Type 2,1993,1,Not Available,Not Available,9162993,13862024,135.2,204.5,8788109,13468396,129.7,198.7,710246,710246,67396,Not Available,710246,"63,648",Not Available,0,Not Available,Not Available,819,12.08,749215,11.1,,115
Compliant,2019,102617,Williamsburg Manor,340 Ridge Avenue,60202,Multifamily Housing,41238,Type 3,1964,1,95,Not Available,3029122,3681414,73.5,89.3,,,,,83878,83878,27429,Not Available,80581,Not Available,Not Available,0,Not Available,57,1587,38.47,191894,4.7,,116
Compliant,2019,102699,NSUHS Corp Hq,1301 Central,60201,Office,66396,Type 2,1957,1,Not Available,Not Available,20672012,43529008,311.3,655.6,20613501,43467572,310.5,654.7,3654898,3654898,82015,Not Available,3654898,"81,430",Not Available,0,Not Available,Not Available,1617,24.36,2448937,36.9,,117
Compliant,2019,102764,8786,2220 Campus Dr,60208,Laboratory,207697,Type 1,1991,1,Not Available,Not Available,47281388,71397024,227.6,343.8,47281388,71397024,227.6,343.8,3642868,3642868,348519,Not Available,3642868,"348,519",Not Available,0,Not Available,Not Available,567,2.73,3857834,18.6,,118
Compliant,2019,102783,8586,626 University Pl,60201,Residence Hall/Dormitory,47543,Type 3,1952,1,21,Not Available,10726975,12504423,225.6,263,10665449,12439821,224.3,261.7,207855,207855,100178,Not Available,207855,"99,563",Not Available,0,Not Available,Not Available,1261,26.51,646587,13.6,,119
Compliant,2019,102864,Seward Apartments,707-713 Seward,60202,Multifamily Housing,32136,Type 3,1928,1,88,Not Available,2280891,2877023,71,89.5,2214369,2793173,68.9,86.9,80738,80738,20054,Not Available,78393,"19,469",Not Available,0,Not Available,55,1535,47.77,150991,4.7,,120
Compliant,2019,102865,Evanston Ecology Center,2024 N. McCormick Blvd.,60201,Social/Meeting Hall,6900,Type 3,1974,1,Not Available,Not Available,,,,,,,,,48618,48618,,Not Available,47383,Not Available,Not Available,0,Not Available,Not Available,212,30.65,26781,3.9,,121
Compliant,2019,102866,3106,50 Arts Circle Dr,60208,Performing Arts,44261,Type 3,1975,1,Not Available,Not Available,8241424,11828503,186.2,267.2,8241424,11828503,186.2,267.2,531738,531738,64271,Not Available,531738,"64,271",Not Available,0,Not Available,Not Available,358,8.09,634285,14.3,,122
Compliant,2019,102930,1816,2311 Campus Dr,60208,Fitness Center/Health Club/Gym,214542,Type 1,1987,1,Not Available,Not Available,47141385,68973456,219.7,321.5,47048507,68713398,219.3,320.3,3261598,3261598,360128,Not Available,3234377,"360,128",Not Available,0,Not Available,Not Available,5227,24.36,3709470,17.3,,123
Compliant,2019,102948,8734,2029 Sheridan Rd,60208,College/University,45582,Type 3,1895,1,Not Available,Not Available,6548169,8013871,143.7,175.8,6548169,8013871,143.7,175.8,190637,190637,58977,Not Available,190637,"58,977",Not Available,0,Not Available,Not Available,184,4.04,418268,9.2,,124
Compliant,2019,102950,8838,1801 Hinman Ave,60208,Office,23771,Type 3,1955,1,62,Not Available,1764972,3125621,74.2,131.5,1722777,3068900,72.5,129.1,213097,213097,10379,Not Available,211017,"10,028",Not Available,0,Not Available,Not Available,416,17.5,172512,7.3,,125
Compliant,2019,103013,8884,1841 Sheridan Rd,60201,College/University,197470,Type 1,2012,1,Not Available,Not Available,2145786,6008200,78,218.5,2089993,5851980,76,212.8,628894,628894,,Not Available,612542,Not Available,Not Available,0,Not Available,Not Available,,,346429,1.8,Natural gas use included in parent property,126
Compliant,2019,103030,1808,2701 Ashland Ave,60208,Office,37187,Type 3,2005,1,Not Available,Not Available,,,,,,,,,,,,Not Available,,Not Available,Not Available,,Not Available,Not Available,,,0,0,Natural gas and electricity use included in parent property,127
Compliant,2019,103096,Davis Street,500 Davis St,60201,Office,128376,Type 1,1979,1,58,2017,10586361,29641811,82.5,230.9,10366776,29026974,80.8,226.1,3102685,3102685,,Not Available,3038328,Not Available,Not Available,0,Not Available,Not Available,372298,2900.06,1709129,13.3,All-electric; no natural gas for emissions calculated,128
Compliant,2019,103199,941 Chicago LLC,943 Chicago Ave.,60202,Multifamily Housing,26661,Type 3,1927,1,27,Not Available,2975322,3738026,111.6,140.2,2879695,3637618,108,136.4,102820,102820,26245,Not Available,102820,"25,289",Not Available,0,Not Available,89,623,23.38,196038,7.4,,129
Compliant,2019,103262,1717 Ridge Apartments,1717 Ridge Avenue,60201,Multifamily Housing,182093,Type 1,2013,1,99,"2019, 2018, 2017",8709193,17280713,47.8,94.9,8473745,16922058,46.5,92.9,1362596,1362596,40600,Not Available,1343933,"38,882",Not Available,0,Not Available,70,5497,30.19,966238,5.3,,130
Compliant,2019,103362,"LS VIII, LLC",730-36 Reba Pl,60202,Multifamily Housing,24936,Type 3,1928,1,37,Not Available,2743949,3318278,110,133.1,2736436,3297241,109.7,132.2,73209,73209,24942,Not Available,71007,"24,942",Not Available,0,Not Available,62,1015,40.71,172804,6.9,,131
Compliant,2019,103363,Ridgeview Tower Condominium,1567 Ridge Avenue,60201,Multifamily Housing,56245,Type 2,1967,1,55,Not Available,5709186,7749403,101.5,137.8,5619088,7654800,99.9,136.1,293880,293880,47065,Not Available,293880,"46,164",Not Available,0,Not Available,55,2325,41.34,411867,7.3,,132
Compliant,2019,103446,8585,2245 Sheridan Rd,60201,Residence Hall/Dormitory,67277,Type 2,1950,1,1,Not Available,25413174,29422941,377.7,437.3,25413174,29422941,377.7,437.3,458735,458735,238480,Not Available,458735,"238,480",Not Available,0,Not Available,Not Available,2412,35.85,1519370,22.6,,133
Compliant,2019,103448,Hyatt House Chicago/Evanston,1515 Chicago Ave.,60201,Hotel,86731,Type 2,2016,1,20,Not Available,7791615,16806594,89.8,193.8,7693651,16546539,88.7,190.8,1444548,1444548,28628,Not Available,1418222,"28,547",Not Available,0,Not Available,Not Available,5261,60.66,947794,10.9,,134
Compliant,2019,103528,8599,600 Lincoln St,60201,Residence Hall/Dormitory,34398,Type 3,1959,1,92,Not Available,2320393,2985066,67.5,86.8,2295151,2958562,66.7,86,91886,91886,20069,Not Available,91886,"19,816",Not Available,0,Not Available,Not Available,10,0.3,157210,4.6,,135
Compliant,2019,103530,Greenwood Inn (103530),1400-1414Hinman Ave,60201,Multifamily Housing,50728,Type 2,1955,1,92,Not Available,3505088,4359801,69.1,85.9,3474253,4314711,68.5,85.1,113793,113793,31168,Not Available,111664,"30,933",Not Available,0,Not Available,90,1134,22.36,228232,4.5,,136
Compliant,2019,103531,Evanston History Center,225 GREENWOOD ST,60201-4713,Museum,25737,Type 3,1894,1,Not Available,Not Available,1068423,1596765,41.5,62,1032299,1558835,40.1,60.6,79538,79538,7970,Not Available,79538,"7,609",Not Available,0,Not Available,Not Available,166,6.44,86148,3.3,,137
Compliant,2019,103594,5784,2169 Campus Dr,60208,College/University,181121,Type 1,1980,1,Not Available,Not Available,30304776,49678060,167.3,274.3,30304776,49678060,167.3,274.3,2990796,2990796,201002,Not Available,2990796,"201,002",Not Available,0,Not Available,Not Available,4582,25.3,2715106,15,,138
Compliant,2019,103612,"Maple I Evanston, LLC",1307 Maple Ave.,60201,Multifamily Housing,58508,Type 2,1925,1,42,Not Available,4843960,6019539,82.8,102.9,4787498,5960253,81.8,101.9,156319,156319,43106,Not Available,156319,"42,541",Not Available,0,Not Available,30,1766,30.18,315064,5.4,,139
Compliant,2019,103614,8583,650 Emerson St,60208,Residence Hall/Dormitory,23025,Type 3,1981,1,100,Not Available,208187,582925,9,25.3,208187,582925,9,25.3,61016,61016,,Not Available,61016,Not Available,Not Available,0,Not Available,Not Available,548,23.81,33611,1.5,Natural gas use included in parent property,140
Compliant,2019,103677,Sam's Club #6444,2450 Main Street,60202,Wholesale Club/Supercenter,135424,Type 1,2001,1,24,Not Available,19089134,38559094,141,284.7,19002168,38448638,140.3,283.9,3100905,3100905,85088,Not Available,3097699,"84,328",Not Available,0,Not Available,Not Available,4866,35.93,2160092,16,,141
Compliant,2019,103760,8863,70 Arts Circle Dr,60208,College/University,175220,Type 1,2015,1,Not Available,Not Available,17635089,31378887,100.6,179.1,17540429,31279493,100.1,178.5,2154085,2154085,102854,Not Available,2154085,"101,907",Not Available,0,Not Available,Not Available,988,5.64,1732890,9.9,,142
Compliant,2019,103843,Albany Care,901 Maple Avenue,60202,Residential Care Facility,130860,Type 1,1929,1,Not Available,Not Available,19744872,26551885,145.2,195.3,19618969,26399468,144.3,194.1,974672,974672,164193,Not Available,971286,"163,049",Not Available,0,Not Available,Not Available,14766,108.59,1409006,10.8,,143
Compliant,2019,103926,8836,2200 Campus Dr,60208,Laboratory,172914,Type 1,2001,1,Not Available,Not Available,85010192,126480134,491.6,731.5,85010192,126480134,491.6,731.5,6233367,6233366,637419,Not Available,6233366,"637,419",Not Available,0,Not Available,Not Available,1500,8.67,6819302,39.4,,144
Compliant,2019,104009,8723,1999 Campus Dr,60208,College/University,175858,Type 1,1972,1,Not Available,Not Available,22701139,30408311,129.1,172.9,22701139,30408311,129.1,172.9,1100672,1100672,189456,Not Available,1100672,"189,456",Not Available,0,Not Available,Not Available,10469,59.53,1612599,9.2,,145
Compliant,2019,104027,Evanstonian Cooperative Apartments,1508 N Hinman,60201,Multifamily Housing,69274,Type 2,1953,1,92,Not Available,5347651,6939873,77.2,100.2,5330926,6893042,77,99.5,221879,221879,45906,Not Available,216977,"45,906",Not Available,0,Not Available,100,504,7.28,366051,5.3,,146
Compliant,2019,104109,1400 Central,1400-1406 Central St,60201,Multifamily Housing,34032,Type 3,1920,1,23,Not Available,3805958,4398797,111.8,129.3,3788564,4371283,111.3,128.4,67416,67416,35759,Not Available,65867,"35,638",Not Available,0,Not Available,40,1206,35.44,227070,6.7,,147
Compliant,2019,104175,8574,1927 Orrington Ave,60201,Residence Hall/Dormitory,169254,Type 1,1972,1,8,Not Available,50664637,65179146,299.3,385.1,50664637,65179146,299.3,385.1,2006578,2006578,438182,Not Available,2006578,"438,182",Not Available,0,Not Available,Not Available,6175,36.48,3432715,20.3,,148
Compliant,2019,104192,Seward,706-712 Seward Street,60202,Multifamily Housing,24000,Type 3,1920,1,57,Not Available,2128967,2580044,88.7,107.5,2056272,2488837,85.7,103.7,57717,57717,19320,Not Available,55226,"18,678",Not Available,0,Not Available,74,653,27.21,134413,5.6,,149
Compliant,2019,104258,8854,1800 Sherman Ave,60208,Office,181288,Type 1,1990,1,77,Not Available,8692376,24338652,47.9,134.3,8383843,23474760,46.2,129.5,2547590,2547589,,Not Available,2457164,Not Available,Not Available,0,Not Available,Not Available,994,5.48,1403352,7.7,All-electric; no natural gas for emissions calculated,150
Compliant,2019,104276,Lakeview Terrace Condominium,1738 Chicago Avenue,60201,Multifamily Housing,79000,Type 2,1980,1,75,Not Available,3476567,7852182,44,99.4,3380105,7582090,42.8,96,703699,703699,10755,Not Available,675428,"10,756",Not Available,0,Not Available,53,1979,25.05,444763,5.6,,151
Compliant,2019,104277,1703 Ridge,1703-13 Ridge Ave,60201,Multifamily Housing,44116,Type 3,1920,1,Not Available,Not Available,3490385,4070156,79.1,92.3,3472759,4043060,78.7,91.6,67870,67870,32588,Not Available,66432,"32,461",Not Available,0,Not Available,Not Available,1352,30.65,210477,4.8,,152
Compliant,2019,104278,8582,655 University Pl,60208,Residence Hall/Dormitory,22881,Type 3,1981,1,61,Not Available,3174529,3857707,138.7,168.6,3136835,3818128,137.1,166.9,87833,87833,28748,Not Available,87833,"28,372",Not Available,0,Not Available,Not Available,478,20.89,201079,8.8,,153
Compliant,2019,104424,Optima Towers Evanston Condominium,1580 Sherman Ave,60201,Multifamily Housing,173560,Type 1,2002,1,Not Available,Not Available,19158497,28219433,110.4,162.6,19020004,28074015,109.6,161.8,1357061,1357061,145282,Not Available,1357061,"143,897",Not Available,0,Not Available,Not Available,4881,28.13,1519202,8.8,,154
Compliant,2019,104441,114 Clyde Ave,114-120 Clyde Ave,60202,Multifamily Housing,24750,Type 3,1926,1,60,Not Available,2343610,2851712,94.7,115.2,2260058,2763983,91.3,111.7,65470,65470,21202,Not Available,65470,"20,367",Not Available,0,Not Available,65,999,40.37,148679,6,,155
Compliant,2019,104507,1902 - EVANSTON,2201 Oakton Street,60201,Retail Store,135000,Type 1,1995,1,44,Not Available,12818090,24742235,94.9,183.3,12508355,24417012,92.7,180.9,1889673,1889673,63705,Not Available,1889673,"60,608",Not Available,0,Not Available,Not Available,1110,8.22,1379303,10.2,,156
Compliant,2019,104590,515 Main Condominiums,515 Main Street,60202,Multifamily Housing,137016,Type 1,2000,1,85,Not Available,8000975,13242030,58.4,96.6,7904336,13008436,57.7,94.9,810753,810753,52347,Not Available,788625,"52,136",Not Available,0,Not Available,38,5162,37.67,724645,5.3,,157
Compliant,2019,104609,8782 / 0481,2026 Campus Dr,60208,Energy/Power Station,45261,Type 3,1968,1,Not Available,Not Available,23846316,66687585,526.9,1473.4,23843852,66684997,526.8,1473.3,6975206,6975205,469,Not Available,6975205,445,Not Available,0,Not Available,Not Available,38217,844.36,3844818,84.9,,158
Compliant,2019,104690,Oak Building,1133-39 Oak Street,60202,Multifamily Housing,34425,Type 3,1924,1,78,Not Available,2147253,2694834,62.7,78.7,,,,,73726,73726,18957,Not Available,71227,Not Available,Not Available,0,Not Available,43,846,24.71,141302,4.1,,159
Compliant,2019,104691,8706,1870 Sheridan Rd,60208,Worship Facility,74305,Type 2,1927,1,2,Not Available,10933167,13544922,147.1,182.3,10933167,13544922,147.1,182.3,345855,345854,97531,Not Available,345854,"97,531",Not Available,0,Not Available,Not Available,208,2.8,708547,9.5,,160
Compliant,2019,104692,2201 Ridge Ave,2201-2209 Ridge Ave,60201,Multifamily Housing,32650,Type 3,1931,1,87,Not Available,2745251,3354259,84.1,102.7,2633175,3220833,80.6,98.6,79006,79006,24757,Not Available,76369,"23,726",Not Available,0,Not Available,75,1573,48.18,175016,5.4,,161
Compliant,2019,104693,529 Michigan Ave,529-35 Michigan Ave,60202,Multifamily Housing,35155,Type 3,1925,1,47,Not Available,2964350,3559999,84.3,101.3,2856607,3431341,81.3,97.6,74934,74934,27087,Not Available,72334,"26,098",Not Available,0,Not Available,58,821,23.36,185148,5.3,,162
Compliant,2019,107679,Eagle Building Corporation,548-606 Michigan Ave,60202,Multifamily Housing,58512,Type 2,1923,1,93,Not Available,3329107,3953508,56.9,67.6,3207980,3809632,54.8,65.1,76695,76695,30674,Not Available,73899,"29,558",Not Available,0,Not Available,97,720,12.3,205172,3.5,,163
Compliant,2019,107744,1501-03 Oak Ave - Oak Court Condominium Association,1501-03 Oak Ave,60201,Multifamily Housing,98825,Type 2,1979,1,82,Not Available,5368059,10986998,54.3,111.2,5265225,10734301,53.3,108.6,896087,896087,23106,Not Available,871850,"22,905",Not Available,0,Not Available,77,2848,28.81,616341,6.2,,164
Compliant,2019,107761,8717,2033 Sheridan Rd,60208,College/University,27826,Type 3,1893,1,Not Available,Not Available,3486000,4563495,125.3,164,3472634,4549461,124.8,163.5,151264,151264,29699,Not Available,151264,"29,565",Not Available,0,Not Available,Not Available,142,5.11,241068,8.7,,165
Compliant,2019,107762,North Pointe Condominium Associatoin,2555 Gross Point Rd.,60201,Multifamily Housing,55216,Type 2,1990,1,88,Not Available,2372194,4837544,43,87.6,2332077,4745445,42.2,85.9,393023,393023,10312,Not Available,384653,"10,196",Not Available,0,Not Available,1,11377,206.04,271270,4.9,,166
Compliant,2019,107827,811 Chicago Avenue Condo,811 Chicago Avenue,60202,Multifamily Housing,96000,Type 2,1998,1,96,Not Available,5557298,8432786,57.9,87.8,5490347,8300163,57.2,86.5,435040,435040,40729,Not Available,424602,"40,416",Not Available,0,Not Available,87,1953,20.35,455976,4.7,,167
Compliant,2019,107844,8579,1861 Sheridan Rd,60201,Residence Hall/Dormitory,31482,Type 3,1981,1,99,Not Available,732817,2051888,23.3,65.2,732817,2051888,23.3,65.2,214777,214776,,Not Available,214776,Not Available,Not Available,0,Not Available,Not Available,1698,53.93,118311,3.8,Natural gas use included in parent property,168
Compliant,2019,107845,2951-2957 Central Street,2951-2957 Central Street,60201,Multifamily Housing,76164,Type 2,1999,1,93,Not Available,2201938,4872155,32.1,71.1,2176696,4807340,31.8,70.1,428759,428759,7390,Not Available,422343,"7,357",Not Available,0,Not Available,Not Available,4109,59.95,275436,3.6,,169
Compliant,2019,107846,115 Clyde Ave,115-123 Clyde Ave,60202,Multifamily Housing,29700,Type 3,1927,1,66,Not Available,2601368,3361902,87.6,113.2,2456581,3194809,82.7,107.6,105588,105588,22411,Not Available,103065,"21,049",Not Available,0,Not Available,46,1567,52.75,177199,6,,170
Compliant,2019,107847,1317-21 Washington,1317-21 Washington,60202,Multifamily Housing,20000,Type 3,1920,1,Not Available,Not Available,1521233,1808220,76.1,90.4,1516235,1794226,75.8,89.7,35325,35325,14007,Not Available,33860,"14,007",Not Available,0,Not Available,Not Available,572,28.59,93857,4.7,,171
Compliant,2019,107928,1033 University Place,1033 University Place,60201,Office,69000,Type 2,1990,1,42,Not Available,5132371,14370640,74.4,208.3,5132371,14370640,74.4,208.3,1504212,1504212,,Not Available,1504212,Not Available,Not Available,0,Not Available,Not Available,525,7.61,828603,12,All-electric; no natural gas for emissions calculated,172
Compliant,2019,108010,Maple Crain LLC,1143-1149 Maple-916--18 Crain,60202,Multifamily Housing,27012,Type 3,1935,1,82,Not Available,1798502,2235982,66.6,82.8,,,,,58207,58207,15999,Not Available,58207,Not Available,Not Available,0,Not Available,100,96,3.54,117042,4.3,,173
Compliant,2019,108076,The Carlson Building Complex,636 Church St,60201,Mixed Use Property,122983,Type 1,1926,3,Not Available,Not Available,19355538,29481025,157.4,239.7,18916601,28841451,153.8,234.5,1533698,1533698,141226,Not Available,1503772,"137,857",Not Available,0,Not Available,Not Available,7767,63.16,1594958,13,,174
Compliant,2019,108093,Levy Senior Center,300 Dodge Ave.,60202,Social/Meeting Hall,29000,Type 3,2002,1,Not Available,Not Available,5212338,9814294,179.7,338.4,5142818,9725613,177.3,335.4,746365,727607,26657,Not Available,724974,"26,059","18,758",0,"18,758",Not Available,757,26.11,542395,18.7,,175
Compliant,2019,108095,Sherman Garden Apartments,1856 Sherman Avenue,60201,Multifamily Housing,177671,Type 1,1947,3,88,Not Available,13548392,17983272,76.3,101.2,13287453,17631529,74.8,99.2,629285,629285,114013,Not Available,616262,"111,848",Not Available,0,Not Available,100,43,0.24,952218,5.4,,176
Compliant,2019,108096,Unitarian Church of Evanston,1330 N Ridge Ave,60201,Worship Facility,24800,Type 3,1957,1,38,Not Available,1194184,1689587,48.2,68.1,1174559,1668980,47.4,67.3,72968,72968,9452,Not Available,72968,"9,256",Not Available,0,Not Available,Not Available,83,3.36,90400,3.6,,177
Compliant,2019,108343,Hinman Place Condominium Assoication,901 Hinman Ave.,60202,Multifamily Housing,59500,Type 2,1979,1,90,Not Available,2681626,5263179,45.1,88.5,2625716,5116137,44.1,86,409893,409893,12831,Not Available,395099,"12,776",Not Available,0,Not Available,94,1179,19.81,293941,4.9,,178
Compliant,2019,108344,Police/Fire Headquarters,1454 Elmwood Ave.,60201,Police Station,66600,Type 2,1949,1,Not Available,Not Available,9552542,16961078,143.4,254.7,9472721,16817439,142.2,252.5,1160762,1160762,55920,Not Available,1150742,"55,464",Not Available,0,Not Available,Not Available,709,10.64,936429,14.1,,179
Compliant,2019,108364,8727,633 Clark St,60208,Office,74011,Type 2,1965,1,1,Not Available,37173014,71527833,502.3,966.4,37173014,71527833,502.3,966.4,5442333,5442332,186038,Not Available,5442332,"186,038",Not Available,0,Not Available,Not Available,381,5.14,3986066,53.9,,180
Compliant,2019,108509,704-710 Hinman Apartments,704-710 Hinman Ave,60202,Multifamily Housing,61300,Type 2,1920,1,52,Not Available,5076853,5805820,82.8,94.7,5044888,5750533,82.3,93.8,79572,79572,48054,Not Available,75934,"47,858",Not Available,0,Not Available,70,1117,18.23,299067,4.9,,181
Compliant,2019,108592,1512 Central,1512-22 Central Street,60202,Multifamily Housing,40240,Type 3,1950,1,81,Not Available,2858993,3832467,71,95.2,2829774,3783297,70.3,94,139093,139093,23844,Not Available,135996,"23,658",Not Available,0,Not Available,63,1504,37.37,203267,5.1,,182
Compliant,2019,108657,8709,1937 Sheridan Rd,60208,Library,91249,Type 2,1932,1,Not Available,Not Available,12252866,19854806,134.3,217.6,12252866,19854806,134.3,217.6,1170540,1170540,82590,Not Available,1170540,"82,590",Not Available,0,Not Available,Not Available,472,5.17,1083470,11.9,,183
Compliant,2019,108675,8577,630 Emerson St,60201,Residence Hall/Dormitory,30413,Type 3,1928,1,100,Not Available,453301,475966,14.9,15.7,451141,473698,14.8,15.6,,,4533,Not Available,,"4,511",Not Available,,Not Available,Not Available,602,19.8,24077,0.8,Electricity use included in parent property,184
Compliant,2019,108677,Sherman Plaza,807 Davis Street,60201,Multifamily Housing,735268,Type 1,2006,1,Not Available,Not Available,44035852,104466885,59.9,142.1,43106409,102641702,58.6,139.6,9752008,9752007,107620,Not Available,9609775,"103,179",Not Available,0,Not Available,Not Available,16425,22.34,5943560,8.1,,185
Compliant,2019,108759,617 - 625 GROVE APARTMENTS,617 Grove Street,60201,Multifamily Housing,32753,Type 3,1925,1,74,Not Available,3118176,4435880,95.2,135.4,3082167,4361116,94.1,133.2,194573,194573,24543,Not Available,188384,"24,394",Not Available,0,Not Available,80,1090,33.26,237540,7.3,,186
Compliant,2019,108760,Evanston Township High School,1600 Dodge Avenue,60202,K-12 School,1200000,Type 1,1922,1,39,Not Available,129472613,184896573,107.9,154.1,126842008,182134437,105.7,151.8,8198012,8198011,1015010,Not Available,8198011,"988,704",Not Available,0,Not Available,Not Available,32295,26.91,9907090,8.3,,187
Compliant,2019,108841,8733,633 Emerson St,60208,Medical Office,54145,Type 2,1960,1,1,Not Available,9454510,12535860,174.6,231.5,9454510,12535860,174.6,231.5,436883,436882,79639,Not Available,436882,"79,639",Not Available,0,Not Available,Not Available,229,4.23,663656,12.3,,188
Compliant,2019,108881,8573 / 8593,2303 Sheridan Rd,60201,Residence Hall/Dormitory,28500,Type 3,1914,1,93,Not Available,1131375,2315275,39.7,81.2,1128635,2312398,39.6,81.1,188801,188801,4872,Not Available,188801,"4,845",Not Available,0,Not Available,Not Available,7266,254.94,129879,4.6,,189
Compliant,2019,108906,Hinman House Condominium,1516 Hinman,60201,Multifamily Housing,85896,Type 2,1963,1,61,Not Available,8744100,11270516,101.8,131.2,8686754,11210303,101.1,130.5,349893,349893,75503,Not Available,349893,"74,929",Not Available,0,Not Available,97,1338,15.57,593769,6.9,,190
Compliant,2019,108989,8713,2205 Tech Dr,60208,College/University,91087,Type 2,1970,1,Not Available,Not Available,52949067,70132368,581.3,769.9,52949067,70132368,581.3,769.9,2434408,2434407,446429,Not Available,2434407,"446,429",Not Available,0,Not Available,Not Available,3706,40.69,3712189,40.8,,191
Compliant,2019,109155,8732,1949 Campus Dr; 10-30 Arts Circle Dr,60208,Performing Arts,96539,Type 2,1980,1,Not Available,Not Available,,,,,,,,,,,,Not Available,,Not Available,Not Available,,Not Available,Not Available,,,0,0,Natural gas and electricity use included in parent property,192
Compliant,2019,109173,Cheltenham Court Apartments,531-539 Hinman Ave.,60202,Multifamily Housing,66000,Type 2,1930,1,93,Not Available,4699026,5388059,71.2,81.6,,,,,76048,76048,44395,Not Available,72685,Not Available,Not Available,0,Not Available,89,1546,23.43,277696,4.2,,193
Compliant,2019,109257,813 Washington,813-21 Washington Street,60202,Multifamily Housing,40460,Type 3,1920,1,24,Not Available,4335735,5129118,107.2,126.8,4294359,5066745,106.1,125.2,96566,96566,40063,Not Available,93396,"39,757",Not Available,0,Not Available,54,1189,29.4,265984,6.6,,194
Compliant,2019,109339,"Evanston IV, LLC",1576 Oak Ave.,60201,Multifamily Housing,140972,Type 1,1916,1,97,Not Available,6281441,8303864,44.6,58.9,6208865,8170670,44,58,286108,286108,53052,Not Available,276564,"52,652",Not Available,0,Not Available,91,1928,13.68,439389,3.1,,195
Compliant,2019,109423,8845,2137 Tech Dr,60208,Laboratory,39461,Type 3,1986,1,Not Available,Not Available,14099880,21407342,357.3,542.5,14099880,21407342,357.3,542.5,1105756,1105756,103270,Not Available,1105756,"103,270",Not Available,0,Not Available,Not Available,3121,79.1,1157627,29.3,,196
Compliant,2019,109487,8587,1865 Sherman Ave,60201,Residence Hall/Dormitory,86968,Type 2,1938,1,80,Not Available,7641856,10822430,87.9,124.4,7522937,10697565,86.5,123,468679,468679,60427,Not Available,468679,"59,238",Not Available,0,Not Available,Not Available,2251,25.88,579130,6.7,,197
Compliant,2019,109570,03487-Howard & MC Cormick,2485 Howard St,60202,Supermarket/Grocery Store,74618,Type 2,1994,1,34,Not Available,19732720,40738166,264.4,546,19669730,40633042,263.6,544.5,3352673,3352673,82934,Not Available,3346144,"82,527",Not Available,0,Not Available,Not Available,2674,35.84,2287336,30.7,,198
Compliant,2019,109588,1812,2407 Sheridan Rd,60208,Fitness Center/Health Club/Gym,53320,Type 2,1940,1,Not Available,Not Available,3402732,4227995,63.8,79.3,3402732,4227995,63.8,79.3,109718,109718,30284,Not Available,109718,"30,284",Not Available,0,Not Available,Not Available,235,4.41,221289,4.2,,199
Compliant,2019,109671,909-919 Washington,909-919 Washington St.,60202,Multifamily Housing,36774,Type 3,1926,1,38,Not Available,4310239,4696606,117.2,127.7,4281224,4665991,116.4,126.9,28614,28614,42126,Not Available,28589,"41,837",Not Available,0,Not Available,57,1444,39.28,239513,6.5,,200
Compliant,2019,109736,8835,2190 Campus Dr,60208,College/University,86206,Type 2,2002,1,Not Available,Not Available,62260443,91688162,722.2,1063.6,62260443,91688162,722.2,1063.6,4407084,4407083,472235,Not Available,4407083,"472,235",Not Available,0,Not Available,Not Available,4570,53.02,4935915,57.3,,201
Compliant,2019,109754,Sherman-Evanston LLC,909 Sherman Ave,60202,Multifamily Housing,52000,Type 2,1923,1,66,Not Available,4537872,4937966,87.3,95,4500906,4893931,86.6,94.1,29007,29007,44389,Not Available,28133,"44,049",Not Available,0,Not Available,90,831,15.98,251749,4.8,,202
Compliant,2019,109819,First Presbyterian Church of Evanston,1427 Chicago Avenue,60201,Worship Facility,74674,Type 2,1895,1,10,Not Available,10401954,13005342,139.3,174.2,10221145,12775003,136.9,171.1,348902,348901,92115,Not Available,342120,"90,538",Not Available,0,Not Available,Not Available,441,5.91,681458,9.1,,203
Compliant,2019,109837,8569,2305 Sheridan Rd,60201,Residence Hall/Dormitory,51878,Type 2,1954,1,20,Not Available,12742695,14503856,245.6,279.6,12742695,14503856,245.6,279.6,188248,188248,121004,Not Available,188248,"121,004",Not Available,0,Not Available,Not Available,2215,42.7,746403,14.4,,204
Compliant,2019,109902,8847,2133 Sheridan Rd,60208,College/University,86017,Type 2,2005,1,Not Available,Not Available,12330541,13757590,143.4,159.9,12328098,13751324,143.3,159.9,155343,136288,118005,Not Available,135665,"118,005","19,056",0,"19,056",Not Available,584,6.79,701853,8.2,,205
Compliant,2019,103199,941 Chicago LLC,943 Chicago Ave.,60202,Multifamily Housing,26661,Type 3,1927,1,27,Not Available,2975322,3738026,111.6,140.2,2879695,3637618,108,136.4,102820,102820,26245,Not Available,102820,"25,289",Not Available,0,Not Available,89,623,23.38,196038,7.4,,206
Exempt,2019,103428,1609 CHICAGO AVENUE,NORTH SHORE HOTEL,,,,Type 1,,,,,,,,,,,,,,,,,,,,,,,,,,,,207
Exempt,2019,106186,1566 OAK AVENUE,1566 OAK AVE LLC,,,,Type 3,,,,,,,,,,,,,,,,,,,,,,,,,,,,208
Exempt,2019,107763,707 CHURCH STREET,EVANSTON REALTY ASSOC,,,,Type 3,,,,,,,,,,,,,,,,,,,,,,,,,,,,209
Exempt,2019,102598,Evanston Plaza - Valli Produce,1910 Dempster Ave.,,,,Type 2,,,,,,,,,,,,,,,,,,,,,,,,,,,,210
Exempt,2019,101494,1924 DEMPSTER AVENUE,Schwab Advisory Services,,,,Type 3,,,,,,,,,,,,,,,,,,,,,,,,,,,,211
Exempt,2019,103198,2520 GROSS POINT ROAD,ALDEN ESTATES OF EVANSTON,,,,Type 2,,,,,,,,,,,,,,,,,,,,,,,,,,,,212
Exempt,2019,101574,Evanston Plaza - 1916 Dempster Street,1916 Dempster St.,,,,Type 3,,,,,,,,,,,,,,,,,,,,,,,,,,,,213
Exempt,2019,108676,735 REBA PLACE,REBA APTS,,,,Type 3,,,,,,,,,,,,,,,,,,,,,,,,,,,,214
Exempt,2019,102701,703 SHERMAN AVENUE,REBA APTS,,,,Type 3,,,,,,,,,,,,,,,,,,,,,,,,,,,,215
Exempt,2019,104607,749 SHERMAN AVENUE,REBA APTS,,,,Type 3,,,,,,,,,,,,,,,,,,,,,,,,,,,,216
Compliant,2019,104756,8860,2170 Campus Dr,60208,Laboratory,146507,Type 1,2009,1,Not Available,Not Available,69036972,103539771,471.2,706.7,69036972,103539771,471.2,706.7,5200293,5200292,512936,Not Available,5200292,"512,936",Not Available,0,Not Available,Not Available,4995,34.1,5589040,38.1,,217
Compliant,2019,104775,"Chicago I Evanston, LLC",1420 Chicago Ave.,60201,Multifamily Housing,41541,Type 3,1961,1,35,Not Available,4136645,5201283,99.6,125.2,4055979,5092481,97.6,122.6,143662,143662,36465,Not Available,139625,"35,796",Not Available,0,Not Available,54,1152,27.74,272817,6.6,,218
Compliant,2019,104839,Service Center,2020 Asbury Ave.,60201,"Repair Services (Vehicle, Shoe, Locksmith, etc.)",139566,Type 1,1980,1,Not Available,Not Available,14054258,21652350,100.7,155.1,13574294,21148388,97.3,151.5,1154811,1154811,101140,Not Available,1154811,"96,341",Not Available,0,Not Available,Not Available,815,5.84,1173336,8.4,,219
Compliant,2019,105022,619 Brummel Street,619-21 Brummel Street,60202,Multifamily Housing,31432,Type 3,1920,1,89,Not Available,1608281,2685470,51.2,85.4,1566003,2602085,49.8,82.8,166936,166936,10387,Not Available,160406,"10,187",Not Available,0,Not Available,60,1231,39.15,147127,4.7,,220
Compliant,2019,105107,8823,1948 Ridge Ave,60208,"Repair Services (Vehicle, Shoe, Locksmith, etc.)",40865,Type 3,1995,1,Not Available,Not Available,747113,932370,18.3,22.8,715467,898960,17.5,22,24770,24770,6626,Not Available,24740,"6,311",Not Available,0,Not Available,Not Available,41,1.01,48838,1.2,,221
Compliant,2019,105171,8707,2240 Campus Dr,60208,College/University,142858,Type 1,1972,1,Not Available,Not Available,16170186,17475045,113.2,122.3,16076585,17376763,112.5,121.6,83127,83127,158866,Not Available,83127,"157,930",Not Available,0,Not Available,Not Available,576,4.03,889597,6.2,,222
Compliant,2019,105190,Oak I Evanston LLC,1575 Oak Ave.,60201,Multifamily Housing,38313,Type 3,1968,1,37,Not Available,4394117,5782574,114.7,150.9,4255290,5611191,111.1,146.5,195738,195738,37263,Not Available,191448,"36,021",Not Available,0,Not Available,45,2062,53.83,305742,8,,223
Compliant,2019,105254,8885 & 8883,2315 Campus Dr,60208,Parking,103220,Type 1,2013,1,Not Available,Not Available,17715555,28113106,171.6,272.4,17663565,27967535,171.1,271,1592995,1592995,122803,Not Available,1577758,"122,803",Not Available,0,Not Available,Not Available,,,1529769,14.8,,224
Compliant,2019,105271,Northminster Presbyterian Church,2515 Central Park Ave.,60201,Worship Facility,38500,Type 3,1929,1,41,Not Available,2500170,3024407,64.9,78.6,2452536,2974391,63.7,77.3,66861,66861,22720,Not Available,66861,"22,244",Not Available,0,Not Available,Not Available,29324,761.65,157509,4.1,,225
Compliant,2019,105273,Fleetwood Jourdain Community Center,1655 Foster Ave.,60201,Other - Recreation,34300,Type 3,1965,1,Not Available,Not Available,3164364,4665615,92.3,136,3037597,4532510,88.6,132.1,224926,224926,23969,Not Available,224926,"22,702",Not Available,0,Not Available,Not Available,188,5.47,251213,7.3,,226
Compliant,2019,105354,817 Seward St,817-835 Seward St,60202,Multifamily Housing,36217,Type 3,1959,1,39,Not Available,3480256,4258898,96.1,117.6,3370015,4127816,93.1,114,101261,101261,31348,Not Available,98694,"30,333",Not Available,0,Not Available,10,2164,59.76,222281,6.1,,227
Compliant,2019,105355,Sissilla Condominium Association,1210-1222 Central,60201,Multifamily Housing,60000,Type 2,1925,1,85,Not Available,3657311,4519915,61,75.3,3619080,4456267,60.3,74.3,113840,113840,32689,Not Available,109903,"32,441",Not Available,0,Not Available,82,1018,16.97,236335,3.9,,228
Compliant,2019,105420,8714,1860-80 Campus Dr,60208,College/University,146975,Type 1,1953,1,Not Available,Not Available,20396271,30518341,138.8,207.6,20396271,30518341,138.8,207.6,1552105,1525180,151005,Not Available,1525180,"151,005","26,925",0,"26,925",Not Available,834,5.67,1642208,11.2,,229
Compliant,2019,105440,Chandler Newberger Center,1028 Central Street,60201,Other - Recreation,14250,Type 3,1980,1,Not Available,Not Available,1554703,2226120,109.1,156.2,1532253,2202547,107.5,154.6,99428,99428,12155,Not Available,99428,"11,930",Not Available,0,Not Available,Not Available,89,6.22,119329,8.4,,230
Compliant,2019,105503,Ridge Davis Cooperative Apartments,1585 Ridge Avenue,60201,Multifamily Housing,105503,Type 1,1949,1,85,Not Available,8285362,10735132,78.5,101.8,8121646,10503185,77,99.6,340898,340898,71222,Not Available,330842,"69,928",Not Available,0,Not Available,85,2313,21.92,566078,5.4,,231
Compliant,2019,105520,818-822 Noyes Street,818-822 Noyes Street,60201,Multifamily Housing,32889,Type 3,1950,1,96,Not Available,1149020,2496929,34.9,75.9,1124335,2427811,34.2,73.8,216121,216121,4116,Not Available,208886,"4,116",Not Available,0,Not Available,84,889,27.03,140914,4.3,,232
Compliant,2019,105521,"Chicago II Evanston, LLC",1410 Chicago,60201,Multifamily Housing,61600,Type 2,1958,1,51,Not Available,5655698,7316452,91.8,118.8,5471358,7089522,88.8,115.1,230777,230777,48683,Not Available,225188,"47,030",Not Available,0,Not Available,64,2219,36.01,385701,6.3,,233
Compliant,2019,105522,1940 Sherman,1940 Sherman Ave,60201,Multifamily Housing,55580,Type 2,1934,1,90,Not Available,3166493,4287230,57,77.1,,,,,161181,161181,26165,Not Available,155150,Not Available,Not Available,0,Not Available,55,1785,32.11,227764,4.1,,234
Compliant,2019,105586,EVANSTON (0927),2209 HOWARD ST,60202,Retail Store,132223,Type 1,1994,1,73,2014,10442140,22078392,79,167,10226789,21693522,77.3,164.1,1861354,1861354,40912,Not Available,1834767,"39,666",Not Available,0,Not Available,Not Available,1036,7.84,1242638,9.4,,235
Compliant,2019,105603,8578,1855 Sheridan Rd,60201,Residence Hall/Dormitory,31570,Type 3,1981,1,Not Available,Not Available,1111033,3110892,35.2,98.5,1111033,3110892,35.2,98.5,325625,325625,,Not Available,325625,Not Available,Not Available,0,Not Available,Not Available,1763,55.84,179372,5.7,Natural gas use included in parent property,236
Compliant,2019,105604,"Hinman IV, LLC",860 Hinman,60202,Multifamily Housing,91600,Type 2,1922,1,39,Not Available,5330434,12031765,58.2,131.4,5236352,11833327,57.2,129.2,1077677,1077677,16534,Not Available,1060987,"16,163",Not Available,0,Not Available,15,5640,61.57,681463,7.4,,237
Compliant,2019,105605,8879,640 Lincoln St,60201,College/University,43603,Type 3,1950,1,Not Available,Not Available,3976235,4175047,91.2,95.8,3900020,4095021,89.4,93.9,,,39762,Not Available,,"39,000",Not Available,,Not Available,Not Available,30,0.69,211196,4.8,Electricity use included in parent property,238
Compliant,2019,105669,8864,1201 Davis St,60201,Office,97472,Type 2,1940,1,13,Not Available,14756463,23528029,151.4,241.4,14672171,23439523,150.5,240.5,1345460,1345460,101658,Not Available,1345460,"100,815",Not Available,0,Not Available,Not Available,1502,15.41,1281102,13.1,,239
Compliant,2019,105686,8832,555 Clark St,60208,College/University,31526,Type 3,1978,1,Not Available,Not Available,4407090,6811164,139.8,216,4407090,6811164,139.8,216,365721,365721,31592,Not Available,365721,"31,593",Not Available,0,Not Available,Not Available,1417,44.95,369261,11.7,,240
Compliant,2019,105752,8920 / 8856,1801 Maple Ave,60208,Laboratory,129346,Type 1,1987,1,Not Available,Not Available,33192609,60207014,256.6,465.5,33077289,60033034,255.7,464.1,4246320,4246319,187042,Not Available,4237461,"186,191",Not Available,0,Not Available,Not Available,2506,19.37,3332569,25.8,,241
Compliant,2019,105770,550 Sheridan Square,550 Sheridan Square,60202,Multifamily Housing,46143,Type 3,1967,1,79,Not Available,1955565,4975223,42.4,107.8,1901980,4845134,41.2,105,489345,489345,2859,Not Available,476981,"2,745",Not Available,0,Not Available,87,1239,26.84,284745,6.2,,242
Compliant,2019,105771,803 Dobson St,801-809 Dobson St,60202,Multifamily Housing,34308,Type 3,1928,1,66,Not Available,2572632,3787060,75,110.4,2494911,3670490,72.7,107,181845,181845,19522,Not Available,175990,"18,944",Not Available,0,Not Available,79,1186,34.56,203859,5.9,,243
Compliant,2019,105835,70800558 -- Evanston,2400 W Main St,60202,Supermarket/Grocery Store,62182,Type 2,2004,1,69,Not Available,10531253,22701269,169.4,365.1,10471735,22620342,168.4,363.8,1950001,1950000,38779,Not Available,1946913,"38,289",Not Available,0,Not Available,Not Available,2985,48.01,1280138,20.6,,244
Compliant,2019,105852,8738,1897 Sheridan Rd,60208,College/University,31535,Type 3,1869,1,Not Available,Not Available,3861878,4760821,122.5,151,3861878,4760821,122.5,151,118213,118213,34585,Not Available,118213,"34,585",Not Available,0,Not Available,Not Available,162,5.14,248817,7.9,,245
Compliant,2019,105918,Fire Station #1,1332 Emerson St.,60201,Fire Station,14628,Type 3,1998,1,Not Available,Not Available,1658670,2594979,113.4,177.4,1611225,2545161,110.1,174,142920,142920,11710,Not Available,142920,"11,236",Not Available,0,Not Available,Not Available,233,15.93,140927,9.6,,246
Compliant,2019,105936,Robert Crown Center,1701 Main St.,60202,Other - Recreation,54500,Type 2,1974,1,Not Available,Not Available,12544903,26874196,230.2,493.1,12461887,26676717,228.7,489.5,2294766,2294766,47152,Not Available,2276291,"46,952",Not Available,0,Not Available,Not Available,2657,48.75,1514527,27.8,,247
Compliant,2019,105937,908-922 Main St.,840 Elmwood Avenue/908-922 Main Street,60202,Multifamily Housing,36477,Type 3,1913,1,53,Not Available,3456410,3738357,94.8,102.5,3362189,3639218,92.2,99.8,18276,18276,33941,Not Available,18241,"33,000",Not Available,0,Not Available,100,226,6.19,190341,5.2,,248
Compliant,2019,106001,1600 Hinman LLC,1600-08 Hinman Ave.,60201,Multifamily Housing,148845,Type 1,1922,1,94,Not Available,8159890,10091067,54.8,67.8,7866622,9746245,52.9,65.5,255097,255097,72895,Not Available,248918,"70,173",Not Available,0,Not Available,98,1205,8.1,527699,3.5,,249
Compliant,2019,106084,Main Library,1703 Orrington Ave.,60201,Library,114972,Type 1,1994,1,Not Available,Not Available,8685705,17242263,75.5,150,8592234,17126475,74.7,149,1360287,1360287,40444,Not Available,1357332,"39,610",Not Available,0,Not Available,Not Available,1494,13,964137,8.4,,250
Compliant,2019,106102,8721,711 Elgin Rd,60208,College/University,60763,Type 2,1873,1,Not Available,Not Available,2781581,3097596,45.8,51,2769495,3084905,45.6,50.8,29633,29633,26805,Not Available,29633,"26,684",Not Available,0,Not Available,Not Available,341,5.61,158695,2.6,,251
Compliant,2019,106184,8570,726 University Pl,60201,Residence Hall/Dormitory,31127,Type 3,1901,1,94,Not Available,2266683,2642960,72.8,84.9,2222929,2596508,71.4,83.4,44037,44037,21164,Not Available,43951,"20,730",Not Available,0,Not Available,Not Available,457,14.68,136671,4.4,,252
Compliant,2019,106185,First United Methodist Church of Evanston,516 Church Street,60201,Worship Facility,72176,Type 2,1872,1,30,Not Available,6206705,7555484,86,104.7,6091825,7432616,84.4,103,173915,173914,56133,Not Available,173539,"54,997",Not Available,0,Not Available,Not Available,1380,19.12,393950,5.5,,253
Compliant,2019,106333,Dempster Oak I,1025-1033 Dempster/1305-11 Oak,60201,Multifamily Housing,56084,Type 2,1922,1,82,Not Available,2513558,4558387,44.8,81.3,,,,,321412,321412,14169,Not Available,310213,Not Available,Not Available,0,Not Available,7,3082,54.96,252309,4.5,,254
Compliant,2019,106351,Hinman Gardens Condominium Association,648-700 Hinman Ave,60201,Multifamily Housing,59580,Type 2,1920,1,72,Not Available,4229657,5253656,71,88.2,4190455,5191349,70.3,87.1,136077,136077,37654,Not Available,132536,"37,382",Not Available,0,Not Available,76,1096,18.39,274954,4.6,,255
Compliant,2019,106416,1500 Oak Condo Association,1500 Oak Avenue,60201,Multifamily Housing,80000,Type 2,1969,1,100,Not Available,2205582,5856957,27.6,73.2,2153326,5717731,26.9,71.5,593049,593049,1821,Not Available,578921,"1,781",Not Available,0,Not Available,95,1682,21.02,336356,4.2,,256
Compliant,2019,106434,8720,2233 Tech Dr,60208,Library,180332,Type 1,1977,1,Not Available,Not Available,7314473,11130902,40.6,61.7,7314473,11130902,40.6,61.7,577911,577911,53426,Not Available,577911,"53,426",Not Available,0,Not Available,Not Available,775,4.3,602117,3.3,,257
Compliant,2019,106517,Sherman Terrace Condominium,2001 Sherman Avenue,60201,Multifamily Housing,53645,Type 2,1962,1,97,2018,2123155,4499367,39.6,83.9,2076664,4372274,38.7,81.5,380180,380180,8260,Not Available,367070,"8,242",Not Available,0,Not Available,96,888,16.56,253296,4.7,,258
Compliant,2019,106600,8655,2332 Campus Dr,60208,Residence Hall/Dormitory,59576,Type 2,2002,1,53,Not Available,8881066,10777635,149.1,180.9,8881066,10777635,149.1,180.9,243262,243262,80511,Not Available,243262,"80,511",Not Available,0,Not Available,Not Available,5997,100.65,561630,9.4,,259
Compliant,2019,106665,8844,2020 Ridge Ave,60208,Office,112496,Type 1,1925,1,1,Not Available,36382802,92610072,323.4,823.2,36352240,92577982,323.1,822.9,9112063,9112062,52924,Not Available,9112062,"52,619",Not Available,0,Not Available,Not Available,577,5.13,5300531,47.1,,260
Compliant,2019,106685,8831,40 Arts Circle Dr,60608,Museum,21464,Type 3,2000,1,Not Available,Not Available,,,,,,,,,,,,Not Available,,Not Available,Not Available,,Not Available,Not Available,,,0,0,Natural gas and electricity use included in parent property,261
Compliant,2019,106748,St. Francis Courts Condominium,356 Ridge,60202,Multifamily Housing,106748,Type 1,1925,1,64,Not Available,9264756,10459418,86.8,98,8954015,10114344,83.9,94.7,122496,122496,88468,Not Available,119348,"85,468",Not Available,0,Not Available,83,2568,24.06,537371,5,,262
Compliant,2019,106914,Lorraine H. Morton Civic Center,2100 Ridge Ave.,60201,Office,118991,Type 1,1914,1,77,Not Available,8447954,14861708,71,124.9,8214949,14610914,69,122.8,1003409,1003409,50243,Not Available,1002381,"47,948",Not Available,0,Not Available,Not Available,1267,10.65,819597,6.9,,263
Compliant,2019,106997,Fire Station #2,702 Madison St.,60202,Fire Station,18189,Type 3,1954,1,Not Available,Not Available,1955407,3146333,107.5,173,1933159,3101573,106.3,170.5,183077,183077,13307,Not Available,179494,"13,207",Not Available,0,Not Available,Not Available,242,13.28,171531,9.4,,264
Compliant,2019,107100,1007 Davis St,1007-1013 Davis St,60201,Multifamily Housing,23320,Type 3,1925,1,2,Not Available,3509336,4565453,150.5,195.8,3473136,4527444,148.9,194.1,147488,147488,30061,Not Available,147488,"29,699",Not Available,0,Not Available,5,1677,71.89,240912,10.3,,265
Compliant,2019,107246,Fire Station #3,1105 Central St.,60201,Fire Station,10728,Type 3,2002,1,Not Available,Not Available,2533770,4071406,236.2,379.5,2489485,4024907,232.1,375.2,236300,236300,17275,Not Available,236300,"16,832",Not Available,0,Not Available,Not Available,242,22.52,221923,20.7,,266
Compliant,2019,107430,8650,2420 Campus Dr,60608,Residence Hall/Dormitory,57548,Type 2,1999,1,45,Not Available,10203550,11907869,177.3,206.9,10202379,11906639,177.3,206.9,199990,199990,95212,Not Available,199990,"95,200",Not Available,0,Not Available,Not Available,2063,35.84,615878,10.7,,267
Compliant,2019,107431,8728,60 Arts Circle Dr,60208,College/University,52457,Type 2,1977,1,Not Available,Not Available,7400722,8922452,141.1,170.1,7400722,8922452,141.1,170.1,192881,192881,67426,Not Available,192881,"67,426",Not Available,0,Not Available,Not Available,174,3.31,464380,8.9,,268
Compliant,2019,107495,8567,1820 Chicago Ave,60201,Residence Hall/Dormitory,99391,Type 2,1960,1,76,Not Available,8577705,12512649,86.3,125.9,8577705,12512649,86.3,125.9,587181,587181,65742,Not Available,587181,"65,742",Not Available,0,Not Available,Not Available,5254,52.86,672639,6.8,,269
Compliant,2019,107678,8588,1838 Chicago Ave,60201,Residence Hall/Dormitory,29315,Type 3,1993,1,42,Not Available,4282773,5949370,146.1,202.9,4269133,5935048,145.6,202.5,243252,243252,34528,Not Available,243252,"34,392",Not Available,0,Not Available,Not Available,1048,35.75,317390,10.8,,270
Compliant,2019,100016,E2 Apartments,1890 Maple Ave,60201,Multifamily Housing,307000,Type 1,2015,1,92,Not Available,16206787,31767608,52.8,103.5,16206787,31767608,52.8,103.5,2470354,2470353,77779,Not Available,2470353,"77,779",Not Available,0,Not Available,79,9547,31.1,1773928,5.8,,271
Compliant,2019,100042,2201-2207 Maple Ave,2201-2207 Maple Ave,60201,Multifamily Housing,42650,Type 3,1927,1,86,Not Available,2900174,3108334,68,72.9,2822971,3027139,66.2,71,10576,10576,28641,Not Available,10554,"27,870",Not Available,0,Not Available,35,1135,26.6,157951,3.7,,272
Compliant,2019,100043,COMMONS OF EVANSTON HOMEOWNERS' ASSOCIATION,830-888 Forest Ave,60202,Multifamily Housing,121700,Type 1,1976,1,93,Not Available,4043245,9034214,33.2,74.2,3953491,8789080,32.5,72.2,802011,802011,13068,Not Available,776740,"13,033",Not Available,0,Not Available,93,2418,19.87,511201,4.2,,273
Compliant,2019,100292,(IL321) - Raymond Park Building Corp,1501 Hinman/425 Grove,60201,Multifamily Housing,100104,Type 1,1929,1,95,Not Available,7594250,8842516,75.9,88.3,7499832,8743378,74.9,87.3,145462,145462,70979,Not Available,145462,"70,035",Not Available,0,Not Available,97,1846,18.44,457132,4.6,,274
Compliant,2019,100293,Evanston Terraces Condominium Association,1201 - 1229 Central Street,60201,Multifamily Housing,95400,Type 2,1980,4,96,Not Available,3047991,8534374,31.9,89.5,2955711,8275991,31,86.8,893315,893315,,Not Available,866269,Not Available,Not Available,0,Not Available,83,3400,35.64,492087,5.2,All-electric; no natural gas for emissions calculated,275
Compliant,2019,100357,AMITA Health St Francis Hospital Campus,355 Ridge Ave,60202,Hospital (General Medical & Surgical),763851,Type 1,1920,2,61,Not Available,151354111,254733871,198.1,333.5,148667193,251580089,194.6,329.4,16046230,16046231,966044,Not Available,15990542,"941,075",Not Available,0,Not Available,Not Available,19062,24.96,13970239,18.3,,276
Compliant,2019,100377,Leffingwell Building,825 Chicago Ave,60202,Mixed Use Property,28555,Type 3,1919,1,Not Available,Not Available,2535190,3806966,88.8,133.3,,,,,191763,191763,18809,Not Available,191190,Not Available,Not Available,0,Not Available,Not Available,952,33.35,205536,7.2,,277
Compliant,2019,100460,Binny's,1101-11 Chicago Ave,60202,Retail Store,32196,Type 3,1900,1,27,Not Available,3391525,5891983,105.3,183,3376826,5876549,104.9,182.5,390367,390367,20596,Not Available,390367,"20,449",Not Available,0,Not Available,Not Available,122,3.79,324430,10.1,,278
Compliant,2019,100542,708 Church Street,708 Church Street,60201,Office,50352,Type 2,1927,1,51,Not Available,6083260,8790774,120.8,174.6,,,,,402504,402504,47099,Not Available,401604,Not Available,Not Available,0,Not Available,Not Available,951,18.88,471886,9.4,,279
Compliant,2019,100623,The Grove of Evanston,500 Asbury Ave,60202,Outpatient Rehabilitation/Physical Therapy,36996,Type 3,1962,1,Not Available,Not Available,6522239,10476793,176.3,283.2,6332574,10194889,171.2,275.6,607677,607677,44488,Not Available,593818,"43,065",Not Available,0,Not Available,Not Available,3366,90.97,571040,15.4,,280
Compliant,2019,100626,The Cradle Society,2049 Ridge Avenue,60201-2794,Other - Public Services,37000,Type 3,1939,1,Not Available,Not Available,4878802,7930151,131.9,214.3,4776030,7750750,129.1,209.5,470174,470174,32746,Not Available,458201,"32,127",Not Available,0,Not Available,Not Available,435,11.76,432925,11.7,,281
Compliant,2019,100689,415 Premier - Greystar,415 HOWARD ST,60202,Multifamily Housing,350249,Type 1,2008,1,72,Not Available,16456978,36628810,47,104.6,16122261,35930801,46,102.6,3240493,3240493,54004,Not Available,3182453,"52,637",Not Available,0,Not Available,42,8311,23.73,2071882,5.9,,282
Compliant,2019,100706,1616,1616 Hinman Ave.,60201,Multifamily Housing,34400,Type 3,1960,1,62,Not Available,3606085,4636033,104.8,134.8,3500540,4525211,101.8,131.5,142295,142295,31206,Not Available,142295,"30,150",Not Available,0,Not Available,89,1023,29.75,244132,7.1,,283
Compliant,2019,100708,Family Properties of Chicago LLC,1745 Sherman Ave,60201,Multifamily Housing,30987,Type 3,1920,1,Not Available,Not Available,2323378,4644064,75,149.9,2282138,4595359,73.6,148.3,369204,369204,10637,Not Available,368299,"10,255",Not Available,0,Not Available,Not Available,92684,2991.05,259873,8.4,,284
Compliant,2019,100789,918,918 Washington,60201,Multifamily Housing,37600,Type 3,1960,1,84,Not Available,2969205,3826124,79,101.8,2917330,3749038,77.6,99.7,118650,118650,25644,Not Available,114862,"25,254",Not Available,0,Not Available,13,2285,60.78,201564,5.4,,285
Compliant,2019,100790,Vineyard Christian Church,2495 Howard Street,60202,Worship Facility,79000,Type 2,1955,1,47,Not Available,4906593,8206355,62.1,103.9,4714022,7912163,59.7,100.2,511545,511545,31612,Not Available,496138,"30,212",Not Available,0,Not Available,Not Available,439,5.55,449693,5.7,,286
Compliant,2019,100792,"JMED PROPERTIES, LLC.",1740 RIDGE AVENUE,60201,Office,26000,Type 3,1947,1,Not Available,Not Available,2140275,4151071,82.3,159.7,2096425,4105028,80.6,157.9,318838,318838,10524,Not Available,318838,"10,086",Not Available,0,Not Available,Not Available,,,231531,8.9,,287
Compliant,2019,100874,313,2301 Howard St.,60202,Retail Store,45567,Type 3,1994,1,29,Not Available,4144536,8423901,91,184.9,4056133,8322911,89,182.7,681986,681986,18176,Not Available,680618,"17,339",Not Available,0,Not Available,Not Available,248,5.44,472216,10.4,,288
Compliant,2019,100955,929 Michigan,929 - 935 Michigan,60202,Multifamily Housing,28374,Type 3,1931,1,Not Available,Not Available,3273145,3871108,115.4,136.4,3231858,3827757,113.9,134.9,72736,72736,30250,Not Available,72736,"29,837",Not Available,0,Not Available,Not Available,913,32.19,200737,7.1,,289
Compliant,2019,101121,2200 Sherman,2200-2210 Sherman Ave,60201,Multifamily Housing,50661,Type 2,1920,1,76,Not Available,3908686,4457131,77.2,88,3863294,4400876,76.3,86.9,59121,59121,37070,Not Available,57682,"36,665",Not Available,0,Not Available,87,939,18.53,229461,4.5,,290
Compliant,2019,101123,1000 Hinman,1000 Hinman,60202,Multifamily Housing,49520,Type 3,1931,1,49,Not Available,4649996,5531137,93.9,111.7,4568916,5446004,92.3,110,108632,108632,42793,Not Available,108632,"41,983",Not Available,0,Not Available,82,1199,24.22,287136,5.8,,291
Compliant,2019,101703,8729A,600 Emerson St,60208,Performing Arts,51572,Type 2,1941,1,Not Available,Not Available,,,,,,,,,,,,Not Available,,Not Available,Not Available,,Not Available,Not Available,,,0,0,Natural gas and electricity use included in parent property,292
Compliant,2019,101207,820 Church Street,820 Church Street,60201,Financial Office,26522,Type 3,1929,1,30,Not Available,4571522,7608689,172.4,286.9,,,,,470372,470372,29666,Not Available,463014,Not Available,Not Available,0,Not Available,Not Available,208,7.84,416677,15.7,,293
Compliant,2019,101288,WASHINGTON ELEMENTARY SCHOOL,914 ASHLAND AVENUE,60202,K-12 School,76798,Type 2,1901,1,40,Not Available,6269185,9408144,81.6,122.5,6173878,9308073,80.4,121.2,473204,473204,46546,Not Available,473204,"45,593",Not Available,0,Not Available,Not Available,608,7.92,507894,6.6,,294
Compliant,2019,101289,U-Haul Moving & Storage of Evanston (758076),2125 Dempster St,60201,Self-Storage Facility,55321,Type 2,1997,2,Not Available,Not Available,3215486,4806029,58.1,86.9,3079140,4628846,55.7,83.7,239452,239452,23985,Not Available,233755,"22,816",Not Available,0,Not Available,Not Available,32,0.58,259297,4.7,,295
Compliant,2019,101371,The Presidential,800 N. Hinman Avenue,60202,Multifamily Housing,82094,Type 2,1975,1,67,Not Available,5366583,10338007,82.8,159.6,5245202,10079969,81,155.6,787656,787656,26791,Not Available,765786,"26,323",Not Available,0,Not Available,81,2763,42.65,576183,7,,296
Compliant,2019,101786,LINCOLN ELEMENTARY SCHOOL,910 FOREST AVENUE,60201,K-12 School,73437,Type 2,1953,1,61,Not Available,4780687,7675646,65.1,104.5,4622001,7509025,62.9,102.3,444804,444804,32630,Not Available,444804,"31,043",Not Available,0,Not Available,Not Available,761,10.36,418336,5.7,,297
Compliant,2019,101869,2108-2118 Sherman,2108-18 Sherman Ave,60201,Multifamily Housing,54700,Type 2,1931,1,92,Not Available,3425996,3686236,62.6,67.4,3328748,3583874,60.9,65.5,14895,14895,33752,Not Available,14853,"32,781",Not Available,0,Not Available,62,1195,21.85,187476,3.4,,298
Compliant,2019,101934,00439-Evanston 18 / Cinearts 6,1715 Maple Ave.,60201,Movie Theater,67990,Type 2,2000,1,Not Available,Not Available,7227015,18583467,106.3,273.3,7046520,18160486,103.6,267.1,1841417,1841417,9441,Not Available,1802318,"8,970",Not Available,0,Not Available,Not Available,23,0.34,1064499,15.7,,299
Compliant,2019,101952,Castle Tower,2212-26 Sherman,60201,Multifamily Housing,74800,Type 2,1928,1,67,Not Available,6275883,7560586,83.9,101.1,6243188,7508905,83.5,100.4,162604,162604,57211,Not Available,159698,"56,983",Not Available,0,Not Available,47,3227,43.14,393443,5.3,,300
Compliant,2019,101953,2214 Maple,2210-2222 Maple/1010 Noyes,60201,Multifamily Housing,48600,Type 3,1920,1,63,Not Available,4232132,4916343,87.1,101.2,4192179,4862877,86.3,100.1,79150,79150,39621,Not Available,77221,"39,287",Not Available,0,Not Available,81,1193,24.54,254044,5.2,,301
Compliant,2019,102036,231 Ridge Avenue - Urban Equities,231 Ridge Avenue,60202,Multifamily Housing,52300,Type 2,1940,1,13,Not Available,6795987,8140676,129.9,155.7,6754019,8071914,129.1,154.3,168295,168295,62218,Not Available,164159,"61,939",Not Available,0,Not Available,48,2300,43.98,423172,8.1,,302
Compliant,2019,102183,FSP 909 DAVIS STREET LLC,909 Davis Street,60201,Office,215400,Type 1,2000,1,86,"2019, 2018, 2017, 2016, 2015",8691132,24335169,40.3,113,8503275,23809169,39.5,110.5,2547225,2547225,,Not Available,2492167,Not Available,Not Available,0,Not Available,Not Available,2314,10.74,1403152,6.5,All-electric; no natural gas for emissions calculated,303
Compliant,2019,102201,Main Campus,2121 Sheridan Rd,60201,Other - Education,163575,Type 1,1926,6,Not Available,Not Available,24562698,39348390,150.2,240.6,24402944,39015868,149.2,238.5,1798270,1798270,,"18,427,002",1772515,Not Available,Not Available,0,Not Available,Not Available,3221,19.69,990586,6.1,Natural gas use included in parent property,304
Compliant,2019,102349,1500 Chicago Avenue,1500 Chicago Avenue,60201,Multifamily Housing,135200,Type 1,1959,1,81,Not Available,11194887,15282961,82.8,113,,,,,590911,590911,91787,Not Available,575531,Not Available,Not Available,0,Not Available,44,6066,44.87,813028,6,,305
Compliant,2019,102366,Auto Fitness Center,1320 Dodge,60201,"Repair Services (Vehicle, Shoe, Locksmith, etc.)",13186,Type 3,1990,1,Not Available,Not Available,1704494,2408100,129.3,182.6,,,,,103564,103564,13511,Not Available,103564,Not Available,Not Available,0,Not Available,Not Available,0,0.02,128814,9.8,,306
Compliant,2019,102450,Hill Board of Education,1500 McDaniel,60201,Office,71010,Type 2,2000,1,40,Not Available,10223484,16873370,144,237.6,10069470,16691152,141.8,235.1,1028088,1028088,67156,Not Available,1024654,"65,734",Not Available,0,Not Available,Not Available,668,9.41,923026,13,,307
Compliant,2019,102451,Corinthian Condominium Association,2242 Sherman Ave,60201,Multifamily Housing,41800,Type 3,1942,1,76,Not Available,3610271,4500695,86.4,107.7,3576390,4445367,85.6,106.3,118893,118893,32046,Not Available,115585,"31,820",Not Available,0,Not Available,83,1252,29.96,235704,5.6,,308
Compliant,2019,102535,1326 Apartments,1326 Chicago Ave,60201,Multifamily Housing,22486,Type 3,1969,1,Not Available,Not Available,1532470,1994032,68.2,88.7,1499350,1948532,66.7,86.7,64468,64468,13125,Not Available,62672,"12,855",Not Available,0,Not Available,Not Available,509,22.62,105226,4.7,,309
Compliant,2019,102600,8844,2020 Ridge Ave,60208,Office,112496,Type 1,1925,1,1,Not Available,36382802,92610072,323.4,823.2,36352240,92577982,323.1,822.9,9112063,9112062,52924,Not Available,9112062,"52,619",Not Available,0,Not Available,Not Available,577,5.13,5300531,47.1,,310
Compliant,2019,102615,First Congregational Church of Evanston,1417 Hinman Ave,60201,Office,28275,Type 3,1926,1,Not Available,Not Available,1950989,2297302,69,81.2,1915981,2260544,67.8,79.9,41662,41662,18088,Not Available,41662,"17,738",Not Available,0,Not Available,Not Available,192,6.8,119025,4.2,,311
Compliant,2019,102618,Family Properties LLC (822 Wesley Ave),822 Wesley Ave,60202,Multifamily Housing,21000,Type 3,1920,1,Not Available,Not Available,2330705,2736213,111,130.3,2308732,2700181,109.9,128.6,48396,48396,21656,Not Available,46225,"21,510",Not Available,0,Not Available,Not Available,489,23.3,141683,6.7,,312
Compliant,2019,102700,Michigan & Lee Condominiums,940-950 Michigan Avenue,60201,Multifamily Housing,49000,Type 3,1929,1,71,Not Available,3989718,4796109,81.4,97.9,,,,,101642,101642,36429,Not Available,101642,Not Available,Not Available,0,Not Available,95,861,17.57,249482,5.1,,313
Compliant,2019,102781,1320 CHICAGO APARTMENTS,1320 Chicago Ave,60201,Multifamily Housing,33228,Type 3,1958,1,89,Not Available,2055094,2560085,61.8,77,2028909,2519632,61.1,75.8,67365,67365,18252,Not Available,65195,"18,065",Not Available,0,Not Available,66,869,26.16,134055,4,,314
Compliant,2019,102847,"CPF Reserve, LLC",1930 Ridge Ave,60201,Multifamily Housing,199704,Type 1,2002,4,90,2019,10406817,20086602,52.1,100.6,10220895,19891383,51.2,99.6,1533988,1533988,51728,Not Available,1533988,"49,869",Not Available,0,Not Available,14,12824,64.22,1119758,5.6,,315
Compliant,2019,102947,PARK SCHOOL,828 MAIN STREET,60202,K-12 School,35367,Type 3,1959,1,66,Not Available,2711538,4185062,76.7,118.3,2656388,4100250,75.1,115.9,224074,224074,19470,Not Available,219568,"19,072",Not Available,0,Not Available,Not Available,299,8.46,226846,6.4,,316
Compliant,2019,103031,Claridge,1615-1625 Ridge Ave,60201,Multifamily Housing,56286,Type 2,1900,1,86,Not Available,5246490,6177137,93.2,109.7,5163789,6070416,91.7,107.8,111928,111928,48646,Not Available,108598,"47,933",Not Available,0,Not Available,51,3453,61.34,320036,5.7,,317
Compliant,2019,103032,910 Judson,910 Judson,60202,Multifamily Housing,43896,Type 3,1931,1,66,Not Available,3572136,4261413,81.4,97.1,3506556,4171279,79.9,95,85525,85525,32803,Not Available,81962,"32,269",Not Available,0,Not Available,89,891,20.29,221345,5,,318
Compliant,2019,103116,Central Bennett West,2619-29 Central Street,60201,Multifamily Housing,24192,Type 3,1948,1,Not Available,Not Available,1219702,1641270,50.4,67.8,1214197,1625854,50.2,67.2,60389,60389,10137,Not Available,58775,"10,137",Not Available,0,Not Available,Not Available,689,28.48,87105,3.6,,319
Compliant,2019,103280,Westminster Place - 1020 Grove,1020 Grove St.,60201,Senior Care Community,72000,Type 2,1960,1,90,Not Available,3816833,10414099,53,144.6,3722046,10160077,51.7,141.1,1072923,1072923,1560,Not Available,1047049,"1,495",Not Available,0,Not Available,Not Available,671,9.32,599312,8.3,,320
Compliant,2019,103281,ORRINGTON ELEMENTARY SCHOOL,2636 ORRINGTON AVENUE,60201,K-12 School,46933,Type 3,1911,1,67,Not Available,2937548,4569395,62.6,97.4,2892291,4519793,61.6,96.3,248697,248697,20890,Not Available,248348,"20,449",Not Available,0,Not Available,Not Available,396,8.44,247952,5.3,,321
Compliant,2019,103345,900 Chicago Condominiums,900 Chicago Avenue,60202,Multifamily Housing,119368,Type 1,2005,1,87,Not Available,8198450,14267221,68.7,119.5,8081939,13971871,67.7,117,947722,947722,49648,Not Available,918746,"49,472",Not Available,0,Not Available,14,6306,52.83,785761,6.6,,322
Compliant,2019,103696,2300 Sherman,2300 Sherman Avenue,60201,Multifamily Housing,45735,Type 3,1960,1,95,Not Available,1683026,3644268,36.8,79.7,,,,,314368,314368,6104,Not Available,306369,Not Available,Not Available,0,Not Available,96,1044,22.83,205592,4.5,,323
Compliant,2019,104092,Evanston Metro Center,1007 Church Street,60201,Office,170933,Type 1,1984,1,59,Not Available,12301560,34444369,72,201.5,12113506,33917818,70.9,198.4,3605381,3605381,,Not Available,3550265,Not Available,Not Available,0,Not Available,Not Available,1873,10.96,1986042,11.6,All-electric; no natural gas for emissions calculated,324
